id,code,name,reconcile,user_type_id/id
account_one_110000,110000,現金及約當現金,FALSE,account.data_account_type_liquidity
account_one_110100,110100,庫存現金,FALSE,account.data_account_type_liquidity
account_one_110200,110200,零用金／週轉金,FALSE,account.data_account_type_liquidity
account_one_110300,110300,銀行存款,FALSE,account.data_account_type_liquidity
account_one_110500,110500,在途現金,FALSE,account.data_account_type_liquidity
account_one_110700,110700,約當現金,FALSE,account.data_account_type_liquidity
account_one_111000,111000,透過損益按公允價值衡量之金融資產-流動,FALSE,account.data_account_type_current_assets
account_one_111100,111100,原始認列時指定為透過損益按公允價值衡量之金融資產-流動,FALSE,account.data_account_type_current_assets
account_one_111200,111200,原始認列時指定為透過損益按公允價值衡量之金融資產評價調整-流動,FALSE,account.data_account_type_current_assets
account_one_111300,111300,強制透過損益按公允價值衡量之金融資產-流動,FALSE,account.data_account_type_current_assets
account_one_111400,111400,強制透過損益按公允價值衡量之金融資產評價調整-流動,FALSE,account.data_account_type_current_assets
account_one_111500,111500,持有供交易之金融資產-流動,FALSE,account.data_account_type_current_assets
account_one_111600,111600,持有供交易之金融資產評價調整-流動,FALSE,account.data_account_type_current_assets
account_one_112000,112000,透過其他綜合損益按公允價值衡量之金融資產-流動,FALSE,account.data_account_type_current_assets
account_one_112100,112100,透過其他綜合損益按公允價值衡量之權益工具投資-流動,FALSE,account.data_account_type_current_assets
account_one_112200,112200,透過其他綜合損益按公允價值衡量之權益工具投資評價調整-流動,FALSE,account.data_account_type_current_assets
account_one_112300,112300,透過其他綜合損益按公允價值衡量之債務工具投資-流動,FALSE,account.data_account_type_current_assets
account_one_112400,112400,透過其他綜合損益按公允價值衡量之債務工具投資評價調整-流動,FALSE,account.data_account_type_current_assets
account_one_112600,112600,備供出售金融資產-流動,FALSE,account.data_account_type_current_assets
account_one_112700,112700,備供出售金融資產評價調整-流動,FALSE,account.data_account_type_current_assets
account_one_112900,112900,累計減損-備供出售金融資產-流動,FALSE,account.data_account_type_current_assets
account_one_113000,113000,持有至到期日金融資產-流動,FALSE,account.data_account_type_current_assets
account_one_113100,113100,持有至到期日金融資產-流動,FALSE,account.data_account_type_current_assets
account_one_113200,113200,累計減損-持有至到期日金融資產-流動,FALSE,account.data_account_type_current_assets
account_one_113500,113500,避險之衍生金融資產-流動,FALSE,account.data_account_type_current_assets
account_one_113600,113600,按攤銷後成本衡量之金融資產-流動,FALSE,account.data_account_type_current_assets
account_one_113700,113700,按攤銷後成本衡量之金融資產-流動,FALSE,account.data_account_type_current_assets
account_one_113800,113800,備抵損失-按攤銷後成本衡量之金融資產-流動,FALSE,account.data_account_type_current_assets
account_one_113900,113900,避險之金融資產-流動,FALSE,account.data_account_type_current_assets
account_one_114100,114100,合約資產-流動,FALSE,account.data_account_type_current_assets
account_one_114200,114200,備抵損失-合約資產-流動,FALSE,account.data_account_type_current_assets
account_one_114500,114500,以成本衡量之金融資產-流動,FALSE,account.data_account_type_current_assets
account_one_114600,114600,累計減損-以成本衡量之金融資產-流動,FALSE,account.data_account_type_current_assets
account_one_114700,114700,無活絡市場之債務工具投資-流動,FALSE,account.data_account_type_current_assets
account_one_114800,114800,無活絡市場之債務工具投資-流動,FALSE,account.data_account_type_current_assets
account_one_114900,114900,累計減損-無活絡市場之債務工具投資-流動,FALSE,account.data_account_type_current_assets
account_one_115100,115100,應收票據,TRUE,account.data_account_type_receivable
account_one_115200,115200,其他應收票據,TRUE,account.data_account_type_receivable
account_one_115300,115300,應收票據貼現,TRUE,account.data_account_type_receivable
account_one_115900,115900,備抵呆帳-應收票據,TRUE,account.data_account_type_receivable
account_one_116100,116100,應收票據-關係人,TRUE,account.data_account_type_receivable
account_one_116200,116200,其他應收票據-關係人,TRUE,account.data_account_type_receivable
account_one_116300,116300,應收票據貼現-關係人,TRUE,account.data_account_type_receivable
account_one_116900,116900,備抵損失-應收關係人票據,TRUE,account.data_account_type_receivable
account_one_117100,117100,應收銷售及管理費(證券投資信託業適用),TRUE,account.data_account_type_receivable
account_one_117300,117300,應收分期帳款,TRUE,account.data_account_type_receivable
account_one_117400,117400,未實現利息收入-應收分期帳款,TRUE,account.data_account_type_receivable
account_one_117500,117500,應收租賃款,TRUE,account.data_account_type_receivable
account_one_117600,117600,融資租賃之未賺得融資收益,TRUE,account.data_account_type_receivable
account_one_117700,117700,備抵銷售退回及折讓,TRUE,account.data_account_type_receivable
account_one_117900,117900,備抵呆帳-應收帳款、分期帳款及租賃款,TRUE,account.data_account_type_receivable
account_one_118100,118100,應收帳款-關係人,TRUE,account.data_account_type_receivable
account_one_118200,118200,應收分期帳款-關係人,TRUE,account.data_account_type_receivable
account_one_118300,118300,未實現利息收入-應收關係人分期帳款,TRUE,account.data_account_type_receivable
account_one_118400,118400,應收租賃款-關係人,TRUE,account.data_account_type_receivable
account_one_118500,118500,融資租賃之未賺得融資收益-關係人,TRUE,account.data_account_type_receivable
account_one_118900,118900,備抵損失-應收關係人帳款、分期帳款及租賃款,TRUE,account.data_account_type_receivable
account_one_119000,119000,應收建造合約款,TRUE,account.data_account_type_receivable
account_one_119500,119500,應收建造合約款-關係人,TRUE,account.data_account_type_receivable
account_one_120000,120000,其他應收款,TRUE,account.data_account_type_receivable
account_one_120100,120100,應收退稅款,TRUE,account.data_account_type_receivable
account_one_120200,120200,未收代收款(海陸運輸業適用),TRUE,account.data_account_type_receivable
account_one_120300,120300,應收工程保留款,TRUE,account.data_account_type_receivable
account_one_120400,120400,應收歸墊款,TRUE,account.data_account_type_receivable
account_one_120500,120500,應收收益,TRUE,account.data_account_type_receivable
account_one_120600,120600,其他應收款-其他,TRUE,account.data_account_type_receivable
account_one_120900,120900,備抵損失-其他應收款項,TRUE,account.data_account_type_receivable
account_one_121000,121000,其他應收款-關係人,TRUE,account.data_account_type_receivable
account_one_121100,121100,應收收益-關係人,TRUE,account.data_account_type_receivable
account_one_121200,121200,其他應收款-關係人-其他,TRUE,account.data_account_type_receivable
account_one_121900,121900,備抵損失-其他應收關係人款項,TRUE,account.data_account_type_receivable
account_one_122000,122000,本期所得稅資產,FALSE,account.data_account_type_current_assets
account_one_122100,122100,應收所得稅退稅款,TRUE,account.data_account_type_receivable
account_one_122200,122200,預付所得稅,FALSE,account.data_account_type_current_assets
account_one_130000,130000,存貨-買賣業,FALSE,account.data_account_type_current_assets
account_one_130200,130200,寄銷品,FALSE,account.data_account_type_current_assets
account_one_130800,130800,在途商品,FALSE,account.data_account_type_current_assets
account_one_130900,130900,備抵存貨跌價,FALSE,account.data_account_type_current_assets
account_one_131000,131000,存貨-製造業,FALSE,account.data_account_type_current_assets
account_one_131100,131100,製成品,FALSE,account.data_account_type_current_assets
account_one_131200,131200,副產品,FALSE,account.data_account_type_current_assets
account_one_131300,131300,半成品,FALSE,account.data_account_type_current_assets
account_one_131400,131400,在製品,FALSE,account.data_account_type_current_assets
account_one_131500,131500,原料,FALSE,account.data_account_type_current_assets
account_one_131600,131600,物料,FALSE,account.data_account_type_current_assets
account_one_131800,131800,在途原物料,FALSE,account.data_account_type_current_assets
account_one_131900,131900,備抵存貨跌價,FALSE,account.data_account_type_current_assets
account_one_132000,132000,存貨(建設業適用),FALSE,account.data_account_type_current_assets
account_one_132100,132100,待售房地,FALSE,account.data_account_type_current_assets
account_one_132200,132200,待售車位,FALSE,account.data_account_type_current_assets
account_one_132300,132300,營建用地,FALSE,account.data_account_type_current_assets
account_one_132400,132400,在建房地,FALSE,account.data_account_type_current_assets
account_one_132500,132500,預付土地款,FALSE,account.data_account_type_current_assets
account_one_132600,132600,材料-庫存材料,FALSE,account.data_account_type_current_assets
account_one_132800,132800,在途材料,FALSE,account.data_account_type_current_assets
account_one_132900,132900,備抵存貨跌價,FALSE,account.data_account_type_current_assets
account_one_133000,133000,存貨-其他行業,FALSE,account.data_account_type_current_assets
account_one_133100,133100,油料,FALSE,account.data_account_type_current_assets
account_one_133200,133200,物料,FALSE,account.data_account_type_current_assets
account_one_133300,133300,餐飲用品(餐飲業),FALSE,account.data_account_type_current_assets
account_one_133800,133800,其他存貨,FALSE,account.data_account_type_current_assets
account_one_133900,133900,備抵存貨跌價,FALSE,account.data_account_type_current_assets
account_one_134000,134000,農產品,FALSE,account.data_account_type_current_assets
account_one_135000,135000,在建工程(營造業適用),FALSE,account.data_account_type_current_assets
account_one_135100,135100,在建材料,FALSE,account.data_account_type_current_assets
account_one_135200,135200,在建工料,FALSE,account.data_account_type_current_assets
account_one_135300,135300,在建人工,FALSE,account.data_account_type_current_assets
account_one_135400,135400,在建費用,FALSE,account.data_account_type_current_assets
account_one_135500,135500,待分攤在建費用,FALSE,account.data_account_type_current_assets
account_one_135600,135600,在建工程-利息資本化,FALSE,account.data_account_type_current_assets
account_one_135700,135700,在建工程-工程損益,FALSE,account.data_account_type_current_assets
account_one_140000,140000,生物資產-流動,FALSE,account.data_account_type_current_assets
account_one_140100,140100,消耗性生物資產-流動,FALSE,account.data_account_type_current_assets
account_one_140200,140200,消耗性生物資產-累計折舊-流動,FALSE,account.data_account_type_current_assets
account_one_140300,140300,消耗性生物資產-累計減損-流動,FALSE,account.data_account_type_current_assets
account_one_140400,140400,消耗性生物資產公允價值減出售成本累計變動數-流動,FALSE,account.data_account_type_current_assets
account_one_140500,140500,生產性生物資產-流動,FALSE,account.data_account_type_current_assets
account_one_140600,140600,生產性生物資產-累計折舊-流動,FALSE,account.data_account_type_current_assets
account_one_140700,140700,生產性生物資產-累計減損-流動,FALSE,account.data_account_type_current_assets
account_one_140800,140800,生產性生物資產公允價值減出售成本累計變動數-流動,FALSE,account.data_account_type_current_assets
account_one_141000,141000,預付款項,FALSE,account.data_account_type_current_assets
account_one_141100,141100,預付薪資,FALSE,account.data_account_type_current_assets
account_one_141200,141200,預付租金,FALSE,account.data_account_type_current_assets
account_one_141300,141300,船長週轉金(海陸運輸業適用),FALSE,account.data_account_type_current_assets
account_one_141400,141400,預付保險費,FALSE,account.data_account_type_current_assets
account_one_141500,141500,用品盤存,FALSE,account.data_account_type_current_assets
account_one_141600,141600,淨確定福利資產-流動,FALSE,account.data_account_type_current_assets
account_one_141900,141900,其他預付費用,FALSE,account.data_account_type_current_assets
account_one_142100,142100,預付貨款,FALSE,account.data_account_type_current_assets
account_one_142200,142200,預付投資款,FALSE,account.data_account_type_current_assets
account_one_142400,142400,留抵稅額,FALSE,account.data_account_type_current_assets
account_one_142900,142900,其他預付款,FALSE,account.data_account_type_current_assets
account_one_145100,145100,待分配予業主之非流動資產(或處分群組),FALSE,account.data_account_type_current_assets
account_one_145200,145200,累計減損-待分配予業主之非流動資產(或處分群組),FALSE,account.data_account_type_current_assets
account_one_146100,146100,待出售非流動資產(或處分群組),FALSE,account.data_account_type_current_assets
account_one_146200,146200,累計減損-待出售非流動資產(或處分群組),FALSE,account.data_account_type_current_assets
account_one_147000,147000,其他流動資產,FALSE,account.data_account_type_current_assets
account_one_147100,147100,暫付款,FALSE,account.data_account_type_current_assets
account_one_147200,147200,代付款,FALSE,account.data_account_type_current_assets
account_one_147300,147300,員工(船員)借支,FALSE,account.data_account_type_current_assets
account_one_147400,147400,遞延兌換損失,FALSE,account.data_account_type_current_assets
account_one_147500,147500,代理店往來(海陸運輸業適用),FALSE,account.data_account_type_current_assets
account_one_147600,147600,其他金融資產-流動,FALSE,account.data_account_type_current_assets
account_one_147800,147800,工程存出保證金,FALSE,account.data_account_type_current_assets
account_one_147900,147900,其他流動資產-其他,FALSE,account.data_account_type_current_assets
account_one_148000,148000,取得合約之增額成本-流動,FALSE,account.data_account_type_current_assets
account_one_148100,148100,待退回產品權利-流動,FALSE,account.data_account_type_current_assets
account_one_148200,148200,履行合約成本-流動,FALSE,account.data_account_type_current_assets
account_one_151000,151000,透過損益按公允價值衡量之金融資產-非流動,FALSE,account.data_account_type_non_current_assets
account_one_151100,151100,原始認列時指定為透過損益按公允價值衡量之金融資產-非流動,FALSE,account.data_account_type_non_current_assets
account_one_151200,151200,原始認列時指定為透過損益按公允價值衡量之金融資產評價調整-非流動,FALSE,account.data_account_type_non_current_assets
account_one_151300,151300,強致透過損益按公允價值衡量之金融資產-非流動,FALSE,account.data_account_type_non_current_assets
account_one_151400,151400,強制透過損益按公允價值衡量之金融資產評價調整-非流動,FALSE,account.data_account_type_non_current_assets
account_one_151500,151500,持有供交易之金融資產-非流動,FALSE,account.data_account_type_non_current_assets
account_one_151600,151600,持有供交易之金融資產評價調整-非流動,FALSE,account.data_account_type_non_current_assets
account_one_151700,151700,透過其他綜合損益按公允價值衡量之金融資產-非流動,FALSE,account.data_account_type_non_current_assets
account_one_151800,151800,透過其他綜合損益按公允價值衡量之權益工具投資-非流動,FALSE,account.data_account_type_non_current_assets
account_one_151900,151900,透過其他綜合損益按公允價值衡量之權益工具投資評價調整-非流動,FALSE,account.data_account_type_non_current_assets
account_one_152100,152100,透過其他綜合損益按公允價值衡量之金融資產-非流動,FALSE,account.data_account_type_non_current_assets
account_one_152200,152200,透過其他綜合損益按公允價值衡量之金融資產評價調整-非流動,FALSE,account.data_account_type_non_current_assets
account_one_152400,152400,備供出售金融資產-非流動,FALSE,account.data_account_type_non_current_assets
account_one_152500,152500,備供出售金融資產評價調整-非流動,FALSE,account.data_account_type_non_current_assets
account_one_152600,152600,累計減損-備供出售金融資產-非流動,FALSE,account.data_account_type_non_current_assets
account_one_152700,152700,持有至到期日金融資產-非流動,FALSE,account.data_account_type_non_current_assets
account_one_152800,152800,持有至到期日金融資產-非流動,FALSE,account.data_account_type_non_current_assets
account_one_152900,152900,累計減損-持有至到期日金融資產-非流動,FALSE,account.data_account_type_non_current_assets
account_one_153000,153000,避險之衍生金融資產-非流動,FALSE,account.data_account_type_non_current_assets
account_one_153500,153500,按攤銷後成本衡量之金融資產-非流動,FALSE,account.data_account_type_non_current_assets
account_one_153600,153600,按攤銷後成本衡量之金融資產-非流動,FALSE,account.data_account_type_non_current_assets
account_one_153700,153700,備抵損失-按攤銷後成本衡量之金融資產-非流動,FALSE,account.data_account_type_non_current_assets
account_one_153800,153800,避險之金融資產-非流動,FALSE,account.data_account_type_non_current_assets
account_one_154400,154400,以成本衡量之金融資產-非流動,FALSE,account.data_account_type_non_current_assets
account_one_154500,154500,累計減損-以成本衡量之金融資產-非流動,FALSE,account.data_account_type_non_current_assets
account_one_154600,154600,無活絡市場之債務工具投資-非流動,FALSE,account.data_account_type_non_current_assets
account_one_154700,154700,無活絡市場之債務工具投資-非流動,FALSE,account.data_account_type_non_current_assets
account_one_154800,154800,累計減損-無活絡市場之債務工具投資-非流動,FALSE,account.data_account_type_non_current_assets
account_one_155000,155000,採用權益法之投資,FALSE,account.data_account_type_non_current_assets
account_one_155100,155100,採用權益法之投資,FALSE,account.data_account_type_non_current_assets
account_one_155300,155300,累計減損－採用權益法之投資,FALSE,account.data_account_type_non_current_assets
account_one_156100,156100,合約資產-非流動,FALSE,account.data_account_type_non_current_assets
account_one_156200,156200,備抵損失-合約資產-非流動,FALSE,account.data_account_type_non_current_assets
account_one_160200,160200,土地成本,FALSE,account.data_account_type_fixed_assets
account_one_160300,160300,土地-重估增(減)值,FALSE,account.data_account_type_fixed_assets
account_one_160400,160400,累計減損-土地,FALSE,account.data_account_type_fixed_assets
account_one_160600,160600,土地改良物成本,FALSE,account.data_account_type_fixed_assets
account_one_160700,160700,土地改良物-重估增(減)值,FALSE,account.data_account_type_fixed_assets
account_one_160800,160800,累計折舊-土地改良物,FALSE,account.data_account_type_fixed_assets
account_one_160900,160900,累計減損-土地改良物,FALSE,account.data_account_type_fixed_assets
account_one_161100,161100,房屋及建築成本,FALSE,account.data_account_type_fixed_assets
account_one_161200,161200,房屋及建築-重估增(減)值,FALSE,account.data_account_type_fixed_assets
account_one_161300,161300,累計折舊-房屋及建築,FALSE,account.data_account_type_fixed_assets
account_one_161400,161400,累計減損-房屋及建築,FALSE,account.data_account_type_fixed_assets
account_one_161600,161600,機器設備成本,FALSE,account.data_account_type_fixed_assets
account_one_161700,161700,機器設備-重估增(減)值,FALSE,account.data_account_type_fixed_assets
account_one_161800,161800,累計折舊-機器設備,FALSE,account.data_account_type_fixed_assets
account_one_161900,161900,累計減損-機器設備,FALSE,account.data_account_type_fixed_assets
account_one_162100,162100,裝卸設備成本,FALSE,account.data_account_type_fixed_assets
account_one_162200,162200,裝卸設備-重估增(減)值,FALSE,account.data_account_type_fixed_assets
account_one_162300,162300,累計折舊-裝卸設備,FALSE,account.data_account_type_fixed_assets
account_one_162400,162400,累計減損-裝卸設備,FALSE,account.data_account_type_fixed_assets
account_one_162600,162600,倉儲設備成本,FALSE,account.data_account_type_fixed_assets
account_one_162700,162700,倉儲設備-重估增(減)值,FALSE,account.data_account_type_fixed_assets
account_one_162800,162800,累計折舊-倉儲設備,FALSE,account.data_account_type_fixed_assets
account_one_162900,162900,累計減損-倉儲設備,FALSE,account.data_account_type_fixed_assets
account_one_163100,163100,售氣及輸氣設備成本,FALSE,account.data_account_type_fixed_assets
account_one_163200,163200,售氣及輸氣設備-重估增(減)值,FALSE,account.data_account_type_fixed_assets
account_one_163300,163300,累計折舊-售氣及輸氣設備,FALSE,account.data_account_type_fixed_assets
account_one_163400,163400,累計減損-售氣及輸氣設備,FALSE,account.data_account_type_fixed_assets
account_one_163600,163600,模具設備成本,FALSE,account.data_account_type_fixed_assets
account_one_163700,163700,模具設備-重估增(減)值,FALSE,account.data_account_type_fixed_assets
account_one_163800,163800,累計折舊-模具設備,FALSE,account.data_account_type_fixed_assets
account_one_163900,163900,累計減損-模具設備,FALSE,account.data_account_type_fixed_assets
account_one_164100,164100,水電設備成本,FALSE,account.data_account_type_fixed_assets
account_one_164200,164200,水電設備-重估增(減)值,FALSE,account.data_account_type_fixed_assets
account_one_164300,164300,累計折舊-水電設備,FALSE,account.data_account_type_fixed_assets
account_one_164400,164400,累計減損-水電設備,FALSE,account.data_account_type_fixed_assets
account_one_164600,164600,冷凍設備成本,FALSE,account.data_account_type_fixed_assets
account_one_164700,164700,冷凍設備-重估增(減)值,FALSE,account.data_account_type_fixed_assets
account_one_164800,164800,累計折舊-冷凍設備,FALSE,account.data_account_type_fixed_assets
account_one_164900,164900,累計減損-冷凍設備,FALSE,account.data_account_type_fixed_assets
account_one_165100,165100,漁船設備成本,FALSE,account.data_account_type_fixed_assets
account_one_165200,165200,漁船設備-重估增(減)值,FALSE,account.data_account_type_fixed_assets
account_one_165300,165300,累計折舊-漁船設備,FALSE,account.data_account_type_fixed_assets
account_one_165400,165400,累計減損-漁船設備,FALSE,account.data_account_type_fixed_assets
account_one_165600,165600,電腦通訊設備成本,FALSE,account.data_account_type_fixed_assets
account_one_165700,165700,電腦通訊設備-重估增(減)值,FALSE,account.data_account_type_fixed_assets
account_one_165800,165800,累計折舊-電腦通訊設備,FALSE,account.data_account_type_fixed_assets
account_one_165900,165900,累計減損-電腦通訊設備,FALSE,account.data_account_type_fixed_assets
account_one_166100,166100,試驗設備成本,FALSE,account.data_account_type_fixed_assets
account_one_166200,166200,試驗設備-重估增(減)值,FALSE,account.data_account_type_fixed_assets
account_one_166300,166300,累計折舊-試驗設備,FALSE,account.data_account_type_fixed_assets
account_one_166400,166400,累計減損-試驗設備,FALSE,account.data_account_type_fixed_assets
account_one_166600,166600,污染防治設備成本,FALSE,account.data_account_type_fixed_assets
account_one_166700,166700,污染防治設備-重估增(減)值,FALSE,account.data_account_type_fixed_assets
account_one_166800,166800,累計折舊-污染防治設備,FALSE,account.data_account_type_fixed_assets
account_one_166900,166900,累計減損-污染防治設備,FALSE,account.data_account_type_fixed_assets
account_one_167100,167100,運輸設備成本,FALSE,account.data_account_type_fixed_assets
account_one_167200,167200,運輸設備-重估增(減)值,FALSE,account.data_account_type_fixed_assets
account_one_167300,167300,累計折舊-運輸設備,FALSE,account.data_account_type_fixed_assets
account_one_167400,167400,累計減損-運輸設備,FALSE,account.data_account_type_fixed_assets
account_one_167600,167600,船舶設備成本,FALSE,account.data_account_type_fixed_assets
account_one_167700,167700,船舶設備-重估增(減)值,FALSE,account.data_account_type_fixed_assets
account_one_167800,167800,累計折舊-船舶設備,FALSE,account.data_account_type_fixed_assets
account_one_167900,167900,累計減損-船舶設備,FALSE,account.data_account_type_fixed_assets
account_one_168100,168100,碼頭設備成本,FALSE,account.data_account_type_fixed_assets
account_one_168200,168200,碼頭設備-重估增(減)值,FALSE,account.data_account_type_fixed_assets
account_one_168300,168300,累計折舊-碼頭設備,FALSE,account.data_account_type_fixed_assets
account_one_168400,168400,累計減損-碼頭設備,FALSE,account.data_account_type_fixed_assets
account_one_168600,168600,飛航設備成本,FALSE,account.data_account_type_fixed_assets
account_one_168700,168700,飛航設備-重估增(減)值,FALSE,account.data_account_type_fixed_assets
account_one_168800,168800,累計折舊-飛航設備,FALSE,account.data_account_type_fixed_assets
account_one_168900,168900,累計減損-飛航設備,FALSE,account.data_account_type_fixed_assets
account_one_169100,169100,辦公設備成本,FALSE,account.data_account_type_fixed_assets
account_one_169200,169200,辦公設備-重估增(減)值,FALSE,account.data_account_type_fixed_assets
account_one_169300,169300,累計折舊-辦公設備,FALSE,account.data_account_type_fixed_assets
account_one_169400,169400,累計減損-辦公設備,FALSE,account.data_account_type_fixed_assets
account_one_169600,169600,營業器具成本(觀光飯店業適用),FALSE,account.data_account_type_fixed_assets
account_one_169700,169700,營業器具-重估增(減)值,FALSE,account.data_account_type_fixed_assets
account_one_169800,169800,累計折舊-營業器具,FALSE,account.data_account_type_fixed_assets
account_one_169900,169900,累計減損-營業器具,FALSE,account.data_account_type_fixed_assets
account_one_170100,170100,機具設備成本,FALSE,account.data_account_type_fixed_assets
account_one_170200,170200,機具設備-重估增(減)值,FALSE,account.data_account_type_fixed_assets
account_one_170300,170300,累計折舊-機具設備,FALSE,account.data_account_type_fixed_assets
account_one_170400,170400,累計減損-機具設備,FALSE,account.data_account_type_fixed_assets
account_one_170600,170600,遊樂設備成本,FALSE,account.data_account_type_fixed_assets
account_one_170700,170700,遊樂設備-重估增(減)值,FALSE,account.data_account_type_fixed_assets
account_one_170800,170800,累計折舊-遊樂設備,FALSE,account.data_account_type_fixed_assets
account_one_170900,170900,累計減損-遊樂設備,FALSE,account.data_account_type_fixed_assets
account_one_171100,171100,景觀園藝成本,FALSE,account.data_account_type_fixed_assets
account_one_171200,171200,景觀園藝-重估增(減)值,FALSE,account.data_account_type_fixed_assets
account_one_171300,171300,累計折舊-景觀園藝,FALSE,account.data_account_type_fixed_assets
account_one_171400,171400,累計減損-景觀園藝,FALSE,account.data_account_type_fixed_assets
account_one_171600,171600,租賃資產成本,FALSE,account.data_account_type_fixed_assets
account_one_171700,171700,租賃資產-重估增(減)值,FALSE,account.data_account_type_fixed_assets
account_one_171800,171800,累計折舊-租賃資產,FALSE,account.data_account_type_fixed_assets
account_one_171900,171900,累計減損-租賃資產,FALSE,account.data_account_type_fixed_assets
account_one_172100,172100,出租資產-機器設備成本,FALSE,account.data_account_type_fixed_assets
account_one_172200,172200,出租資產-機器設備-重估增(減)值,FALSE,account.data_account_type_fixed_assets
account_one_172300,172300,累計折舊-出租資產-機器設備,FALSE,account.data_account_type_fixed_assets
account_one_172400,172400,累計減損-出租資產-機器設備,FALSE,account.data_account_type_fixed_assets
account_one_172600,172600,出租資產-其他成本,FALSE,account.data_account_type_fixed_assets
account_one_172700,172700,出租資產-其他-重估增(減)值,FALSE,account.data_account_type_fixed_assets
account_one_172800,172800,累計折舊-出租資產-其他,FALSE,account.data_account_type_fixed_assets
account_one_172900,172900,累計減損-出租資產-其他,FALSE,account.data_account_type_fixed_assets
account_one_173100,173100,租賃改良成本,FALSE,account.data_account_type_fixed_assets
account_one_173200,173200,租賃改良-重估增(減)值,FALSE,account.data_account_type_fixed_assets
account_one_173300,173300,累計折舊-租賃改良,FALSE,account.data_account_type_fixed_assets
account_one_173400,173400,累計減損-租賃改良,FALSE,account.data_account_type_fixed_assets
account_one_173600,173600,其他設備成本,FALSE,account.data_account_type_fixed_assets
account_one_173700,173700,其他設備-重估增(減)值,FALSE,account.data_account_type_fixed_assets
account_one_173800,173800,累計折舊-其他設備,FALSE,account.data_account_type_fixed_assets
account_one_173900,173900,累計減損-其他設備,FALSE,account.data_account_type_fixed_assets
account_one_174000,174000,未完工程及待驗設備,FALSE,account.data_account_type_fixed_assets
account_one_174500,174500,生產性植物,FALSE,account.data_account_type_fixed_assets
account_one_174600,174600,生產性植物成本,FALSE,account.data_account_type_fixed_assets
account_one_174700,174700,生產性植物-累計折舊,FALSE,account.data_account_type_fixed_assets
account_one_174800,174800,生產性植物-累計減損,FALSE,account.data_account_type_fixed_assets
account_one_174900,174900,生產性植物-重估增(減)值,FALSE,account.data_account_type_fixed_assets
account_one_175100,175100,礦產資源成本,FALSE,account.data_account_type_fixed_assets
account_one_175200,175200,礦產資源-重估增(減)值,FALSE,account.data_account_type_fixed_assets
account_one_175300,175300,累計折耗-礦產資源,FALSE,account.data_account_type_fixed_assets
account_one_175400,175400,累計減損-礦產資源,FALSE,account.data_account_type_fixed_assets
account_one_176100,176100,投資性不動產-土地,FALSE,account.data_account_type_fixed_assets
account_one_176200,176200,投資性不動產-土地-重估增值,FALSE,account.data_account_type_fixed_assets
account_one_176300,176300,投資性不動產-土地-累計公允價值變動數,FALSE,account.data_account_type_fixed_assets
account_one_176400,176400,累計減損-投資性不動產-土地,FALSE,account.data_account_type_fixed_assets
account_one_176500,176500,投資性不動產-建築物,FALSE,account.data_account_type_fixed_assets
account_one_176600,176600,投資性不動產-建築物-重估增值,FALSE,account.data_account_type_fixed_assets
account_one_176700,176700,投資性不動產-建築物-累計公允價值變動數,FALSE,account.data_account_type_fixed_assets
account_one_176800,176800,累計折舊-投資性不動產-建築物,FALSE,account.data_account_type_fixed_assets
account_one_176900,176900,累計減損-投資性不動產-建築物,FALSE,account.data_account_type_fixed_assets
account_one_177100,177100,投資性不動產-租賃權益,FALSE,account.data_account_type_fixed_assets
account_one_177200,177200,投資性不動產-租賃權益-累計公允價值變動數,FALSE,account.data_account_type_fixed_assets
account_one_177300,177300,建造中之投資性不動產,FALSE,account.data_account_type_fixed_assets
account_one_177400,177400,建造中之投資性不動產-累計公允價值變動數,FALSE,account.data_account_type_fixed_assets
account_one_177500,177500,累計減損-建造中之投資性不動產,FALSE,account.data_account_type_fixed_assets
account_one_178000,178000,無形資產,FALSE,account.data_account_type_fixed_assets
account_one_178200,178200,商標權,FALSE,account.data_account_type_fixed_assets
account_one_178300,178300,商標權重估增(減)值,FALSE,account.data_account_type_fixed_assets
account_one_178400,178400,累計減損－商標權,FALSE,account.data_account_type_fixed_assets
account_one_178600,178600,專利權,FALSE,account.data_account_type_fixed_assets
account_one_178700,178700,專利權重估增(減)值,FALSE,account.data_account_type_fixed_assets
account_one_178800,178800,累計減損－專利權,FALSE,account.data_account_type_fixed_assets
account_one_179200,179200,特許權,FALSE,account.data_account_type_fixed_assets
account_one_179300,179300,特許權重估增(減)值,FALSE,account.data_account_type_fixed_assets
account_one_179400,179400,累計減損－特許權,FALSE,account.data_account_type_fixed_assets
account_one_179600,179600,著作權,FALSE,account.data_account_type_fixed_assets
account_one_179700,179700,著作權重估增(減)值,FALSE,account.data_account_type_fixed_assets
account_one_179800,179800,累計減損－著作權,FALSE,account.data_account_type_fixed_assets
account_one_180200,180200,電腦軟體,FALSE,account.data_account_type_fixed_assets
account_one_180300,180300,電腦軟體重估增(減)值,FALSE,account.data_account_type_fixed_assets
account_one_180400,180400,累計減損－電腦軟體,FALSE,account.data_account_type_fixed_assets
account_one_180500,180500,商譽,FALSE,account.data_account_type_fixed_assets
account_one_181200,181200,專門技術,FALSE,account.data_account_type_fixed_assets
account_one_181300,181300,專門技術重估增(減)值,FALSE,account.data_account_type_fixed_assets
account_one_181400,181400,累計減損－專門技術,FALSE,account.data_account_type_fixed_assets
account_one_182200,182200,其他無形資產,FALSE,account.data_account_type_fixed_assets
account_one_182300,182300,其他無形資產重估增(減)值,FALSE,account.data_account_type_fixed_assets
account_one_182400,182400,累計減損－其他無形資產,FALSE,account.data_account_type_fixed_assets
account_one_182600,182600,發展中之無形資產,FALSE,account.data_account_type_non_current_assets
account_one_182700,182700,累計減損－發展中之無形資產,FALSE,account.data_account_type_non_current_assets
account_one_183000,183000,生物資產-非流動,FALSE,account.data_account_type_non_current_assets
account_one_183100,183100,消耗性生物資產-非流動,FALSE,account.data_account_type_non_current_assets
account_one_183200,183200,消耗性生物資產-累計折舊-非流動,FALSE,account.data_account_type_non_current_assets
account_one_183300,183300,消耗性生物資產-累計減損-非流動,FALSE,account.data_account_type_non_current_assets
account_one_183400,183400,消耗性生物資產公允價值減出售成本累計變動數-非流動,FALSE,account.data_account_type_non_current_assets
account_one_183500,183500,生產性生物資產-非流動,FALSE,account.data_account_type_non_current_assets
account_one_183600,183600,生產性生物資產-累計折舊-非流動,FALSE,account.data_account_type_non_current_assets
account_one_183700,183700,生產性生物資產-累計減損-非流動,FALSE,account.data_account_type_non_current_assets
account_one_183800,183800,生產性生物資產公允價值減出售成本累計變動數-非流動,FALSE,account.data_account_type_non_current_assets
account_one_184000,184000,遞延所得稅資產,FALSE,account.data_account_type_non_current_assets
account_one_190000,190000,其他非流動資產,FALSE,account.data_account_type_non_current_assets
account_one_190600,190600,有形探勘及評估資產成本,FALSE,account.data_account_type_non_current_assets
account_one_190700,190700,有形探勘及評估資產重估增(減)值,FALSE,account.data_account_type_non_current_assets
account_one_190800,190800,累計折舊-有形探勘及評估資產,FALSE,account.data_account_type_non_current_assets
account_one_190900,190900,累計減損-有形探勘及評估資產,FALSE,account.data_account_type_non_current_assets
account_one_191100,191100,無形探勘及評估資產成本,FALSE,account.data_account_type_non_current_assets
account_one_191200,191200,無形探勘及評估資產重估增(減)值,FALSE,account.data_account_type_non_current_assets
account_one_191400,191400,累計減損-無形探勘及評估資產,FALSE,account.data_account_type_non_current_assets
account_one_191500,191500,預付設備款,FALSE,account.data_account_type_non_current_assets
account_one_192000,192000,存出保證金,FALSE,account.data_account_type_non_current_assets
account_one_193000,193000,長期應收票據及款項,FALSE,account.data_account_type_non_current_assets
account_one_193100,193100,長期應收票據,TRUE,account.data_account_type_non_current_assets
account_one_193200,193200,長期應收款,TRUE,account.data_account_type_non_current_assets
account_one_193300,193300,長期應收分期帳款,TRUE,account.data_account_type_non_current_assets
account_one_193400,193400,未實現利息收入-長期應收分期帳款,TRUE,account.data_account_type_non_current_assets
account_one_193500,193500,長期應收租賃款,TRUE,account.data_account_type_non_current_assets
account_one_193600,193600,融資租賃之未賺得融資收益,TRUE,account.data_account_type_non_current_assets
account_one_193700,193700,催收款項,TRUE,account.data_account_type_non_current_assets
account_one_193900,193900,備抵損失-長期應收款項,FALSE,account.data_account_type_non_current_assets
account_one_194000,194000,長期應收票據及款項-關係人,TRUE,account.data_account_type_non_current_assets
account_one_194100,194100,長期應收票據-關係人,TRUE,account.data_account_type_non_current_assets
account_one_194200,194200,長期應收款-關係人,TRUE,account.data_account_type_non_current_assets
account_one_194300,194300,長期應收分期帳款-關係人,TRUE,account.data_account_type_non_current_assets
account_one_194400,194400,未實現利息收入-長期應收關係人分期帳款,TRUE,account.data_account_type_non_current_assets
account_one_194500,194500,長期應收租賃款-關係人,TRUE,account.data_account_type_non_current_assets
account_one_194600,194600,融資租賃之未賺得融資收益-關係人,TRUE,account.data_account_type_non_current_assets
account_one_194700,194700,催收款項-關係人,TRUE,account.data_account_type_non_current_assets
account_one_194900,194900,備抵損失-長期應收關係人款項,TRUE,account.data_account_type_non_current_assets
account_one_195000,195000,基金,FALSE,account.data_account_type_non_current_assets
account_one_195100,195100,償債基金,FALSE,account.data_account_type_non_current_assets
account_one_195200,195200,改良及擴充基金,FALSE,account.data_account_type_non_current_assets
account_one_195300,195300,其他基金,FALSE,account.data_account_type_non_current_assets
account_one_195600,195600,取得合約之增額成本-非流動,FALSE,account.data_account_type_non_current_assets
account_one_196000,196000,預付投資款,FALSE,account.data_account_type_non_current_assets
account_one_196500,196500,待退回產品權利-非流動,FALSE,account.data_account_type_non_current_assets
account_one_196600,196600,履行合約成本-非流動,FALSE,account.data_account_type_non_current_assets
account_one_196700,196700,履行合約成本-非流動,FALSE,account.data_account_type_non_current_assets
account_one_196800,196800,累計減損-履行合約成本-非流動,FALSE,account.data_account_type_non_current_assets
account_one_197100,197100,其他長期投資,FALSE,account.data_account_type_non_current_assets
account_one_197200,197200,累計減損－其他長期投資,FALSE,account.data_account_type_non_current_assets
account_one_197500,197500,淨確定福利資產-非流動,FALSE,account.data_account_type_non_current_assets
account_one_198000,198000,其他金融資產－非流動,FALSE,account.data_account_type_non_current_assets
account_one_198100,198100,人壽保險現金解約價值,FALSE,account.data_account_type_non_current_assets
account_one_198400,198400,其他金融資產-其他-非流動,FALSE,account.data_account_type_non_current_assets
account_one_198500,198500,長期預付租金,FALSE,account.data_account_type_non_current_assets
account_one_199200,199200,未實現售後租回損失,FALSE,account.data_account_type_non_current_assets
account_one_199300,199300,陳飾品,FALSE,account.data_account_type_non_current_assets
account_one_199500,199500,其他非流動資產-其他,FALSE,account.data_account_type_non_current_assets
account_one_199600,199600,內部往來,FALSE,account.data_account_type_non_current_assets
account_one_210000,210000,短期借款,FALSE,account.data_account_type_current_liabilities
account_one_210100,210100,銀行透支,FALSE,account.data_account_type_current_liabilities
account_one_210200,210200,銀行借款,FALSE,account.data_account_type_current_liabilities
account_one_210800,210800,其他短期借款,FALSE,account.data_account_type_current_liabilities
account_one_211100,211100,應付短期票券,FALSE,account.data_account_type_current_liabilities
account_one_211600,211600,附買回債券負債,FALSE,account.data_account_type_current_liabilities
account_one_211900,211900,應付短期票券折價,FALSE,account.data_account_type_current_liabilities
account_one_212000,212000,透過損益按公允價值衡量之金融負債-流動,FALSE,account.data_account_type_current_liabilities
account_one_212100,212100,持有供交易金融負債-流動,FALSE,account.data_account_type_current_liabilities
account_one_212200,212200,持有供交易金融負債評價調整-流動,FALSE,account.data_account_type_current_liabilities
account_one_212300,212300,原始認列時指定為透過損益按公允價值衡量之金融負債-流動,FALSE,account.data_account_type_current_liabilities
account_one_212400,212400,原始認列時指定為透過損益按公允價值衡量之金融負債評價調整-流動,FALSE,account.data_account_type_current_liabilities
account_one_212500,212500,避險之衍生金融負債-流動,FALSE,account.data_account_type_current_liabilities
account_one_212600,212600,避險之金融負債-流動,FALSE,account.data_account_type_current_liabilities
account_one_212800,212800,按攤銷後成本衡量之金融負債-流動,FALSE,account.data_account_type_current_liabilities
account_one_213000,213000,合約負債-流動,FALSE,account.data_account_type_current_liabilities
account_one_213100,213100,預收貨款,FALSE,account.data_account_type_current_liabilities
account_one_213200,213200,預收房地款,FALSE,account.data_account_type_current_liabilities
account_one_213300,213300,預收收入,FALSE,account.data_account_type_current_liabilities
account_one_213900,213900,其他合約負債,FALSE,account.data_account_type_current_liabilities
account_one_214500,214500,以成本衡量之金融負債-流動,FALSE,account.data_account_type_current_liabilities
account_one_215100,215100,應付票據,TRUE,account.data_account_type_payable
account_one_215200,215200,其他應付票據,TRUE,account.data_account_type_payable
account_one_216100,216100,應付票據-關係人,TRUE,account.data_account_type_payable
account_one_216200,216200,其他應付票據-關係人,TRUE,account.data_account_type_payable
account_one_217200,217200,暫估應付帳款,TRUE,account.data_account_type_payable
account_one_218100,218100,應付帳款-關係人,TRUE,account.data_account_type_payable
account_one_218200,218200,暫估應付帳款-關係人,TRUE,account.data_account_type_payable
account_one_219000,219000,應付建造合約款,TRUE,account.data_account_type_payable
account_one_219500,219500,應付建造合約款-關係人,TRUE,account.data_account_type_payable
account_one_220000,220000,其他應付款,TRUE,account.data_account_type_payable
account_one_220100,220100,應付薪資,TRUE,account.data_account_type_payable
account_one_220200,220200,應付租金,TRUE,account.data_account_type_payable
account_one_220300,220300,應付利息,TRUE,account.data_account_type_payable
account_one_220410,220410,暫估應付費用,TRUE,account.data_account_type_payable
account_one_220500,220500,應付退休金費用,TRUE,account.data_account_type_payable
account_one_220600,220600,應付員工紅利,TRUE,account.data_account_type_payable
account_one_220700,220700,應付董監事酬勞,TRUE,account.data_account_type_payable
account_one_220900,220900,其他應付費用,TRUE,account.data_account_type_payable
account_one_221100,221100,應付工程保留款,TRUE,account.data_account_type_payable
account_one_221200,221200,應付土地房屋款,TRUE,account.data_account_type_payable
account_one_221300,221300,應付設備款,TRUE,account.data_account_type_payable
account_one_221500,221500,應付營業稅,FALSE,account.data_account_type_current_liabilities
account_one_221600,221600,應付股利,FALSE,account.data_account_type_current_liabilities
account_one_221900,221900,其他應付款-其他,FALSE,account.data_account_type_current_liabilities
account_one_222000,222000,其他應付款項-關係人,FALSE,account.data_account_type_current_liabilities
account_one_223000,223000,本期所得稅負債,FALSE,account.data_account_type_current_liabilities
account_one_225000,225000,負債準備-流動,FALSE,account.data_account_type_current_liabilities
account_one_225100,225100,員工福利負債準備-流動,FALSE,account.data_account_type_current_liabilities
account_one_225200,225200,保固之短期負債準備,FALSE,account.data_account_type_current_liabilities
account_one_225300,225300,重組之短期負債準備,FALSE,account.data_account_type_current_liabilities
account_one_225400,225400,有待法律程序決定之短期負債準備,FALSE,account.data_account_type_current_liabilities
account_one_225500,225500,虧損性合約之短期負債準備,FALSE,account.data_account_type_current_liabilities
account_one_225600,225600,除役、復原及修復成本之短期負債準備,FALSE,account.data_account_type_current_liabilities
account_one_225700,225700,銷貨退回及折讓之短期負債準備,FALSE,account.data_account_type_current_liabilities
account_one_225800,225800,保證合約之短期負債準備,FALSE,account.data_account_type_current_liabilities
account_one_225900,225900,其他短期負債準備,FALSE,account.data_account_type_current_liabilities
account_one_226000,226000,與待出售非流動資產(或處分群組)直接相關之負債,FALSE,account.data_account_type_current_liabilities
account_one_226500,226500,工程進度請款金額,FALSE,account.data_account_type_current_liabilities
account_one_227000,227000,與待分配予業主之非流動資產(或處分群組)直接相關之負債,FALSE,account.data_account_type_current_liabilities
account_one_230000,230000,其他流動負債,FALSE,account.data_account_type_current_liabilities
account_one_230500,230500,其他金融負債-流動,FALSE,account.data_account_type_current_liabilities
account_one_231000,231000,預收款項,FALSE,account.data_account_type_current_liabilities
account_one_231100,231100,預收貨款,FALSE,account.data_account_type_current_liabilities
account_one_231200,231200,預收房地款,FALSE,account.data_account_type_current_liabilities
account_one_231300,231300,預收收入／遞延收入,FALSE,account.data_account_type_current_liabilities
account_one_231400,231400,預收股本,FALSE,account.data_account_type_current_liabilities
account_one_231500,231500,其他預收款,FALSE,account.data_account_type_current_liabilities
account_one_232000,232000,一年或一營業週期內到期長期負債,FALSE,account.data_account_type_current_liabilities
account_one_232100,232100,一年或一營業週期內到期或執行賣回權公司債,FALSE,account.data_account_type_current_liabilities
account_one_232200,232200,一年或一營業週期內到期長期借款,FALSE,account.data_account_type_current_liabilities
account_one_232300,232300,一年或一營業週期內到期長期應付票據及款項-非關係人,FALSE,account.data_account_type_current_liabilities
account_one_232400,232400,一年或一營業週期內到期長期應付票據及款項-關係人,FALSE,account.data_account_type_current_liabilities
account_one_232500,232500,特別股負債-流動,FALSE,account.data_account_type_current_liabilities
account_one_233000,233000,暫收款,FALSE,account.data_account_type_current_liabilities
account_one_233500,233500,代收款,FALSE,account.data_account_type_current_liabilities
account_one_234000,234000,遞延兌換利益,FALSE,account.data_account_type_current_liabilities
account_one_235000,235000,代理店往來(海陸運輸業適用),FALSE,account.data_account_type_current_liabilities
account_one_235500,235500,應付租賃款－流動,FALSE,account.data_account_type_current_liabilities
account_one_236000,236000,淨確定福利負債-流動,FALSE,account.data_account_type_current_liabilities
account_one_236500,236500,退款負債-流動,FALSE,account.data_account_type_current_liabilities
account_one_239900,239900,其他流動負債-其他,FALSE,account.data_account_type_current_liabilities
account_one_250000,250000,透過損益按公允價值衡量之金融負債-非流動,FALSE,account.data_account_type_non_current_liabilities
account_one_250100,250100,持有供交易金融負債-非流動,FALSE,account.data_account_type_non_current_liabilities
account_one_250200,250200,持有供交易金融負債評價調整-非流動,FALSE,account.data_account_type_non_current_liabilities
account_one_250300,250300,原始認列時指定透過損益按公允價值衡量之金融負債-非流動,FALSE,account.data_account_type_non_current_liabilities
account_one_250400,250400,原始認列時指定透過損益按公允價值衡量之金融負債評價調整-非流動,FALSE,account.data_account_type_non_current_liabilities
account_one_251000,251000,避險之衍生金融負債-非流動,FALSE,account.data_account_type_non_current_liabilities
account_one_251100,251100,避險之金融負債-非流動,FALSE,account.data_account_type_non_current_liabilities
account_one_252000,252000,按攤銷後成本衡量之金融負債-非流動,FALSE,account.data_account_type_non_current_liabilities
account_one_252500,252500,以成本衡量之金融負債-非流動,FALSE,account.data_account_type_non_current_liabilities
account_one_252700,252700,合約負債-非流動,FALSE,account.data_account_type_non_current_liabilities
account_one_253100,253100,應付公司債,FALSE,account.data_account_type_non_current_liabilities
account_one_253200,253200,應付公司債溢(折)價,FALSE,account.data_account_type_non_current_liabilities
account_one_254000,254000,長期借款,FALSE,account.data_account_type_non_current_liabilities
account_one_254100,254100,銀行長期借款,FALSE,account.data_account_type_non_current_liabilities
account_one_254200,254200,其他長期借款,FALSE,account.data_account_type_non_current_liabilities
account_one_254300,254300,分期償付之借款,FALSE,account.data_account_type_non_current_liabilities
account_one_255000,255000,負債準備-非流動,FALSE,account.data_account_type_non_current_liabilities
account_one_255100,255100,員工福利負債準備-非流動,FALSE,account.data_account_type_non_current_liabilities
account_one_255200,255200,保固之長期負債準備,FALSE,account.data_account_type_non_current_liabilities
account_one_255300,255300,重組之長期負債準備,FALSE,account.data_account_type_non_current_liabilities
account_one_255400,255400,有待法律程序決定之長期負債準備,FALSE,account.data_account_type_non_current_liabilities
account_one_255500,255500,虧損性合約之長期負債準備,FALSE,account.data_account_type_non_current_liabilities
account_one_255600,255600,除役、復原及修復成本之長期負債準備,FALSE,account.data_account_type_non_current_liabilities
account_one_255700,255700,保證合約之長期負債準備,FALSE,account.data_account_type_non_current_liabilities
account_one_255900,255900,其他長期負債準備,FALSE,account.data_account_type_non_current_liabilities
account_one_257000,257000,遞延所得稅負債,FALSE,account.data_account_type_non_current_liabilities
account_one_257100,257100,遞延所得稅負債-土地增值稅,FALSE,account.data_account_type_non_current_liabilities
account_one_257200,257200,遞延所得稅負債-所得稅,FALSE,account.data_account_type_non_current_liabilities
account_one_257300,257300,遞延所得稅負債-其他,FALSE,account.data_account_type_non_current_liabilities
account_one_260000,260000,其他非流動負債,FALSE,account.data_account_type_non_current_liabilities
account_one_261000,261000,長期應付票據及款項,FALSE,account.data_account_type_non_current_liabilities
account_one_261100,261100,長期應付票據,TRUE,account.data_account_type_non_current_liabilities
account_one_261200,261200,長期應付款,TRUE,account.data_account_type_non_current_liabilities
account_one_261300,261300,應付租賃款－非流動,TRUE,account.data_account_type_non_current_liabilities
account_one_262000,262000,長期應付票據及款項-關係人,TRUE,account.data_account_type_non_current_liabilities
account_one_262100,262100,長期應付票據-關係人,TRUE,account.data_account_type_non_current_liabilities
account_one_262200,262200,長期應付款-關係人,TRUE,account.data_account_type_non_current_liabilities
account_one_262300,262300,長期應付租賃負債-關係人,TRUE,account.data_account_type_non_current_liabilities
account_one_263000,263000,長期遞延收入,FALSE,account.data_account_type_non_current_liabilities
account_one_263500,263500,特別股負債-非流動,FALSE,account.data_account_type_non_current_liabilities
account_one_264000,264000,淨確定福利負債-非流動,FALSE,account.data_account_type_non_current_liabilities
account_one_264500,264500,存入保證金,FALSE,account.data_account_type_non_current_liabilities
account_one_265000,265000,採用權益法之投資貸餘,FALSE,account.data_account_type_non_current_liabilities
account_one_265500,265500,股東往來,FALSE,account.data_account_type_non_current_liabilities
account_one_266500,266500,未實現售後租回利益,FALSE,account.data_account_type_non_current_liabilities
account_one_267000,267000,其他非流動負債-其他,FALSE,account.data_account_type_non_current_liabilities
account_one_267500,267500,退款負債-非流動,FALSE,account.data_account_type_non_current_liabilities
account_one_269000,269000,內部往來,FALSE,account.data_account_type_non_current_liabilities
account_one_310000,310000,股本,FALSE,account.data_account_type_equity
account_one_311000,311000,普通股股本,FALSE,account.data_account_type_equity
account_one_312000,312000,特別股股本,FALSE,account.data_account_type_equity
account_one_313000,313000,債券換股權利證書,FALSE,account.data_account_type_equity
account_one_314000,314000,預收股本,FALSE,account.data_account_type_equity
account_one_315000,315000,待分配股票股利,FALSE,account.data_account_type_equity
account_one_316000,316000,特別股轉換普通股權利證書,FALSE,account.data_account_type_equity
account_one_317000,317000,待註銷股本,FALSE,account.data_account_type_equity
account_one_320000,320000,資本公積,FALSE,account.data_account_type_equity
account_one_321000,321000,資本公積-發行溢價,FALSE,account.data_account_type_equity
account_one_321100,321100,資本公積-普通股股票溢價,FALSE,account.data_account_type_equity
account_one_321200,321200,資本公積-特別股股票溢價,FALSE,account.data_account_type_equity
account_one_321300,321300,資本公積-轉換公司債轉換溢價,FALSE,account.data_account_type_equity
account_one_322000,322000,資本公積-庫藏股票交易,FALSE,account.data_account_type_equity
account_one_323000,323000,資本公積-實際取得或處分子公司股權價格與帳面價值差額,FALSE,account.data_account_type_equity
account_one_323500,323500,資本公積-認列對子公司所有權權益變動數,FALSE,account.data_account_type_equity
account_one_324000,324000,資本公積-處分資產增益,FALSE,account.data_account_type_equity
account_one_325000,325000,資本公積-受贈資產,FALSE,account.data_account_type_equity
account_one_325100,325100,資本公積-受領股東贈與,FALSE,account.data_account_type_equity
account_one_325200,325200,資本公積-其他受贈資產,FALSE,account.data_account_type_equity
account_one_326000,326000,資本公積-採用權益法認列關聯企業及合資股權淨值之變動數,FALSE,account.data_account_type_equity
account_one_326500,326500,資本公積-採用權益法認列關聯企業及合資取得或處分子公司股權價格與帳面價值差額,FALSE,account.data_account_type_equity
account_one_327000,327000,資本公積-合併溢額,FALSE,account.data_account_type_equity
account_one_327100,327100,資本公積-員工認股權,FALSE,account.data_account_type_equity
account_one_327200,327200,資本公積-認股權,FALSE,account.data_account_type_equity
account_one_327300,327300,資本公積-限制員工權利股票,FALSE,account.data_account_type_equity
account_one_328000,328000,資本公積-其他,FALSE,account.data_account_type_equity
account_one_330000,330000,保留盈餘,FALSE,account.data_account_type_equity
account_one_331000,331000,法定盈餘公積,FALSE,account.data_account_type_equity
account_one_332000,332000,特別盈餘公積,FALSE,account.data_account_type_equity
account_one_335000,335000,未分配盈餘(或待彌補虧損),FALSE,account.data_account_type_equity
account_one_335100,335100,累積盈虧,FALSE,account.data_account_type_equity
account_one_335200,335200,追溯適用及追溯重編之影響數,FALSE,account.data_account_type_equity
account_one_335300,335300,本期損益,FALSE,account.data_account_type_equity
account_one_340000,340000,其他權益,FALSE,account.data_account_type_equity
account_one_341000,341000,國外營運機構財務報表換算之兌換差額,FALSE,account.data_account_type_equity
account_one_341100,341100,國外營運機構財務報表換算之兌換差額-母公司,FALSE,account.data_account_type_equity
account_one_341200,341200,國外營運機構財務報表換算之兌換差額-採用權益法之子公司,FALSE,account.data_account_type_equity
account_one_341300,341300,國外營運機構財務報表換算之兌換差額-採用權益法之關聯企業及合資,FALSE,account.data_account_type_equity
account_one_342000,342000,透過其他綜合損益按公允價值衡量之金融資產未實現損益,FALSE,account.data_account_type_equity
account_one_342100,342100,透過其他綜合損益按公允價值衡量之權益工具未實現損益-母公司,FALSE,account.data_account_type_equity
account_one_342200,342200,透過其他綜合損益按公允價值衡量之權益工具未實現損益-採用權益法之子公司,FALSE,account.data_account_type_equity
account_one_342300,342300,透過其他綜合損益按公允價值衡量之權益工具未實現損益-採用權益法之關聯企業及合資,FALSE,account.data_account_type_equity
account_one_342400,342400,透過其他綜合損益按公允價值衡量之債務工具未實現損益-母公司,FALSE,account.data_account_type_equity
account_one_342500,342500,備供出售金融資產未實現損益,FALSE,account.data_account_type_equity
account_one_342600,342600,備供出售金融資產未實現損益-母公司,FALSE,account.data_account_type_equity
account_one_342700,342700,備供出售金融資產未實現損益-採用權益法之子公司,FALSE,account.data_account_type_equity
account_one_342800,342800,備供出售金融資產未實現損益-採用權益法之關聯企業及合資,FALSE,account.data_account_type_equity
account_one_343000,343000,現金流量避險中屬有效避險部分之避險工具利益(損失),FALSE,account.data_account_type_equity
account_one_343100,343100,現金流量避險中屬有效避險部分之避險工具利益(損失)-母公司,FALSE,account.data_account_type_equity
account_one_343200,343200,現金流量避險中屬有效避險部分之避險工具利益(損失)-採用權益法之子公司,FALSE,account.data_account_type_equity
account_one_343300,343300,現金流量避險中屬有效避險部分之避險工具利益(損失-採用權益法之關聯企業及合資),FALSE,account.data_account_type_equity
account_one_343500,343500,國外營運機構淨投資避險中屬有效避險部分之避險工具利益(損失),FALSE,account.data_account_type_equity
account_one_343600,343600,國外營運機構淨投資避險中屬有效避險部分之避險工具利益(損失)-母公司,FALSE,account.data_account_type_equity
account_one_343700,343700,國外營運機構淨投資避險中屬有效避險部分之避險工具利益(損失)-採用權益法之子公司,FALSE,account.data_account_type_equity
account_one_343800,343800,國外營運機構淨投資避險中屬有效避險部分之避險工具利益(損失)-採用權益法之關聯企業及合資,FALSE,account.data_account_type_equity
account_one_344000,344000,指定按公允價值衡量之金融負債信用風險變動影響數,FALSE,account.data_account_type_equity
account_one_344100,344100,指定按公允價值衡量之金融負債信用風險變動影響數-母公司,FALSE,account.data_account_type_equity
account_one_344200,344200,指定按公允價值衡量之金融負債信用風險變動影響數-採用權益法之子公司,FALSE,account.data_account_type_equity
account_one_344300,344300,指定按公允價值衡量之金融負債信用風險變動影響數-採用權益法之關聯企業及合資,FALSE,account.data_account_type_equity
account_one_344500,344500,確定福利計畫再衡量數,FALSE,account.data_account_type_equity
account_one_344600,344600,確定福利計畫再衡量數-母公司,FALSE,account.data_account_type_equity
account_one_344700,344700,確定福利計畫再衡量數--採用權益法之子公司,FALSE,account.data_account_type_equity
account_one_344800,344800,確定福利計畫再衡量數-採用權益法之關聯企業及合資,FALSE,account.data_account_type_equity
account_one_345000,345000,避險工具之損益,FALSE,account.data_account_type_equity
account_one_345100,345100,避險工具之損益-母公司,FALSE,account.data_account_type_equity
account_one_345200,345200,避險工具之損益-採用權益法之子公司,FALSE,account.data_account_type_equity
account_one_345300,345300,避險工具之損益-採用權益法之關聯企業及合資,FALSE,account.data_account_type_equity
account_one_346000,346000,重估增值,FALSE,account.data_account_type_equity
account_one_346100,346100,不動產重估增值-母公司,FALSE,account.data_account_type_equity
account_one_346200,346200,不動產重估增值-採用權益法之子公司,FALSE,account.data_account_type_equity
account_one_346300,346300,不動產重估增值-採用權益法之關聯企業及合資,FALSE,account.data_account_type_equity
account_one_347000,347000,與待出售非流動資產(或處分群組)直接相關之權益,FALSE,account.data_account_type_equity
account_one_347100,347100,與待出售非流動資產(或處分群組)直接相關之權益-母公司,FALSE,account.data_account_type_equity
account_one_347200,347200,與待出售非流動資產(或處分群組)直接相關之權益-採用權益法之子公司,FALSE,account.data_account_type_equity
account_one_347300,347300,與待出售非流動資產(或處分群組)直接相關之權益-採用權益法之關聯企業及合資,FALSE,account.data_account_type_equity
account_one_348000,348000,與待分配予業主之非流動資產(或處分群組)直接相關之權益,FALSE,account.data_account_type_equity
account_one_348100,348100,與待分配予業主之非流動資產(或處分群組)直接相關之權益-母公司,FALSE,account.data_account_type_equity
account_one_348200,348200,與待分配予業主之非流動資產(或處分群組)直接相關之權益-採用權益法之子公司,FALSE,account.data_account_type_equity
account_one_348300,348300,與待分配予業主之非流動資產(或處分群組)直接相關之權益-採用權益法之關聯企業及合資,FALSE,account.data_account_type_equity
account_one_349000,349000,其他權益-其他,FALSE,account.data_account_type_equity
account_one_349100,349100,其他權益-員工未賺得酬勞,FALSE,account.data_account_type_equity
account_one_349900,349900,其他權益-其他,FALSE,account.data_account_type_equity
account_one_350000,350000,庫藏股票,FALSE,account.data_account_type_equity
account_one_360000,360000,非控制權益,FALSE,account.data_account_type_equity
account_one_399700,399700,待註銷股本股數,FALSE,account.data_account_type_equity
account_one_399800,399800,預收股款(權益項下)之約當發行股數,FALSE,account.data_account_type_equity
account_one_399900,399900,母公司暨子公司所持有之母公司庫藏股股數(單位:股),FALSE,account.data_account_type_equity
account_one_411200,411200,天然氣銷貨收入(天然氣業),FALSE,account.data_account_type_revenue
account_one_412000,412000,專櫃銷貨收入(百貨業適用),FALSE,account.data_account_type_revenue
account_one_413000,413000,分期付款銷貨收入,FALSE,account.data_account_type_revenue
account_one_417000,417000,銷貨退回,FALSE,account.data_account_type_revenue
account_one_419000,419000,銷貨折讓,FALSE,account.data_account_type_revenue
account_one_420000,420000,投資收入(投資公司適用),FALSE,account.data_account_type_revenue
account_one_421000,421000,金融資產(負債)出售淨利益,FALSE,account.data_account_type_revenue
account_one_422000,422000,投資收入,FALSE,account.data_account_type_revenue
account_one_422100,422100,股利收入,FALSE,account.data_account_type_revenue
account_one_422200,422200,採用權益法之關聯企業及合資利益之份額,FALSE,account.data_account_type_revenue
account_one_422300,422300,透過損益按公允價值衡量之金融資產(負債)利益,FALSE,account.data_account_type_revenue
account_one_423000,423000,債息收入,FALSE,account.data_account_type_revenue
account_one_424000,424000,利息收入,FALSE,account.data_account_type_revenue
account_one_425000,425000,酬勞收入,FALSE,account.data_account_type_revenue
account_one_426000,426000,地產出售收入(開發投資公司適用),FALSE,account.data_account_type_revenue
account_one_431000,431000,租賃收入,FALSE,account.data_account_type_revenue
account_one_433000,433000,倉儲收入,FALSE,account.data_account_type_revenue
account_one_440000,440000,旅遊服務收入,FALSE,account.data_account_type_revenue
account_one_441000,441000,餐旅服務收入,FALSE,account.data_account_type_revenue
account_one_441100,441100,客房收入,FALSE,account.data_account_type_revenue
account_one_441200,441200,餐飲收入,FALSE,account.data_account_type_revenue
account_one_441300,441300,電話及電報收入,FALSE,account.data_account_type_revenue
account_one_441800,441800,其他餐旅服務收入,FALSE,account.data_account_type_revenue
account_one_441900,441900,餐旅服務收入折讓,FALSE,account.data_account_type_revenue
account_one_442000,442000,育樂收入,FALSE,account.data_account_type_revenue
account_one_442100,442100,門票收入,FALSE,account.data_account_type_revenue
account_one_442200,442200,商品收入,FALSE,account.data_account_type_revenue
account_one_442300,442300,遊樂收入,FALSE,account.data_account_type_revenue
account_one_442900,442900,育樂收入折讓,FALSE,account.data_account_type_revenue
account_one_450000,450000,營建工程收入,FALSE,account.data_account_type_revenue
account_one_451000,451000,營建收入(營建業適用),FALSE,account.data_account_type_revenue
account_one_451100,451100,營建收入,FALSE,account.data_account_type_revenue
account_one_451900,451900,營建收入退回及折讓,FALSE,account.data_account_type_revenue
account_one_452100,452100,工程收入,FALSE,account.data_account_type_revenue
account_one_452900,452900,工程收入退回及折讓,FALSE,account.data_account_type_revenue
account_one_461100,461100,勞務收入,FALSE,account.data_account_type_revenue
account_one_461200,461200,拆併櫃收入(海陸運輸業適用),FALSE,account.data_account_type_revenue
account_one_461300,461300,代理業收入(海陸運輸業適用),FALSE,account.data_account_type_revenue
account_one_461400,461400,佣金收入,FALSE,account.data_account_type_revenue
account_one_461500,461500,管理費收入(證券投資信託業適用),FALSE,account.data_account_type_revenue
account_one_461600,461600,銷售費收入(證券投資信託業適用),FALSE,account.data_account_type_revenue
account_one_461700,461700,貨櫃場作業收入,FALSE,account.data_account_type_revenue
account_one_461800,461800,設計收入,FALSE,account.data_account_type_revenue
account_one_461900,461900,勞務收入折讓,FALSE,account.data_account_type_revenue
account_one_462000,462000,運輸收入,FALSE,account.data_account_type_revenue
account_one_462100,462100,海運收入(海陸運輸業適用),FALSE,account.data_account_type_revenue
account_one_462200,462200,陸運收入(海陸運輸業適用),FALSE,account.data_account_type_revenue
account_one_462300,462300,空運收入(航空業適用),FALSE,account.data_account_type_revenue
account_one_462900,462900,運輸收入折讓,FALSE,account.data_account_type_revenue
account_one_463000,463000,空中營業收入,FALSE,account.data_account_type_revenue
account_one_464100,464100,裝置收入,FALSE,account.data_account_type_revenue
account_one_464900,464900,裝置收入折讓,FALSE,account.data_account_type_revenue
account_one_465100,465100,技術服務收入,FALSE,account.data_account_type_revenue
account_one_465900,465900,技術服務收入折讓,FALSE,account.data_account_type_revenue
account_one_466100,466100,加工收入,FALSE,account.data_account_type_revenue
account_one_466900,466900,加工收入折讓,FALSE,account.data_account_type_revenue
account_one_467100,467100,維修收入,FALSE,account.data_account_type_revenue
account_one_467900,467900,維修收入折讓,FALSE,account.data_account_type_revenue
account_one_468100,468100,其他勞務收入,FALSE,account.data_account_type_revenue
account_one_468900,468900,其他勞務收入折讓,FALSE,account.data_account_type_revenue
account_one_488100,488100,其他營業收入,FALSE,account.data_account_type_revenue
account_one_488900,488900,其他營業收入折讓,FALSE,account.data_account_type_revenue
account_one_511200,511200,天然氣銷貨成本(天然氣業),FALSE,account.data_account_type_direct_costs
account_one_512000,512000,專櫃銷貨成本(百貨業適用),FALSE,account.data_account_type_direct_costs
account_one_520000,520000,投資支出(投資公司適用),FALSE,account.data_account_type_direct_costs
account_one_521000,521000,金融資產(負債)出售淨損失,FALSE,account.data_account_type_direct_costs
account_one_522100,522100,投資損失,FALSE,account.data_account_type_direct_costs
account_one_522200,522200,採用權益法之關聯企業及合資損失之份額,FALSE,account.data_account_type_direct_costs
account_one_522300,522300,透過損益按公允價值衡量之金融資產(負債)損失,FALSE,account.data_account_type_direct_costs
account_one_524000,524000,利息費用,FALSE,account.data_account_type_direct_costs
account_one_526000,526000,地產出售成本,FALSE,account.data_account_type_direct_costs
account_one_531000,531000,租賃成本,FALSE,account.data_account_type_direct_costs
account_one_533000,533000,倉儲成本,FALSE,account.data_account_type_direct_costs
account_one_534000,534000,電信成本(電訊網路業),FALSE,account.data_account_type_direct_costs
account_one_540000,540000,旅遊服務成本(觀光飯店業適用),FALSE,account.data_account_type_direct_costs
account_one_541000,541000,餐旅服務成本,FALSE,account.data_account_type_direct_costs
account_one_541100,541100,客房成本,FALSE,account.data_account_type_direct_costs
account_one_541200,541200,餐飲成本,FALSE,account.data_account_type_direct_costs
account_one_541300,541300,電話及電報成本,FALSE,account.data_account_type_direct_costs
account_one_541800,541800,其他餐旅服務成本,FALSE,account.data_account_type_direct_costs
account_one_542000,542000,育樂成本,FALSE,account.data_account_type_direct_costs
account_one_542100,542100,出售門票成本,FALSE,account.data_account_type_direct_costs
account_one_542200,542200,商品成本,FALSE,account.data_account_type_direct_costs
account_one_542300,542300,遊樂成本,FALSE,account.data_account_type_direct_costs
account_one_550000,550000,營建工程成本,FALSE,account.data_account_type_direct_costs
account_one_551000,551000,營建成本,FALSE,account.data_account_type_direct_costs
account_one_552000,552000,工程成本,FALSE,account.data_account_type_direct_costs
account_one_561100,561100,勞務成本,FALSE,account.data_account_type_direct_costs
account_one_561800,561800,設計成本,FALSE,account.data_account_type_direct_costs
account_one_562000,562000,"運輸成本(海陸運輸業、航空業適用)		",FALSE,account.data_account_type_direct_costs
account_one_562100,562100,"海運成本		",FALSE,account.data_account_type_direct_costs
account_one_562200,562200,"陸運成本		",FALSE,account.data_account_type_direct_costs
account_one_562300,562300,"空運成本		",FALSE,account.data_account_type_direct_costs
account_one_562400,562400,"場站及運務成本		",FALSE,account.data_account_type_direct_costs
account_one_562500,562500,"旅客服務成本		",FALSE,account.data_account_type_direct_costs
account_one_563000,563000,"空中營業成本		",FALSE,account.data_account_type_direct_costs
account_one_564000,564000,"裝置成本		",FALSE,account.data_account_type_direct_costs
account_one_565000,565000,"技術服務費用		",FALSE,account.data_account_type_direct_costs
account_one_566000,566000,"加工成本		",FALSE,account.data_account_type_direct_costs
account_one_567000,567000,"維修成本		",FALSE,account.data_account_type_direct_costs
account_one_568000,568000,"其他勞務成本		",FALSE,account.data_account_type_direct_costs
account_one_570000,570000,標準成本差異,FALSE,account.data_account_type_direct_costs
account_one_571000,571000,直接原料差異,FALSE,account.data_account_type_direct_costs
account_one_571100,571100,直接原料價格差異,FALSE,account.data_account_type_direct_costs
account_one_571200,571200,直接原料數量差異,FALSE,account.data_account_type_direct_costs
account_one_572000,572000,直接人工,FALSE,account.data_account_type_direct_costs
account_one_572100,572100,直接人工費率差異,FALSE,account.data_account_type_direct_costs
account_one_572200,572200,直接人工效率差異,FALSE,account.data_account_type_direct_costs
account_one_573000,573000,製造費用,FALSE,account.data_account_type_direct_costs
account_one_573100,573100,製造費用用款差異,FALSE,account.data_account_type_direct_costs
account_one_573200,573200,製造費用效率差異,FALSE,account.data_account_type_direct_costs
account_one_573300,573300,製造費用數量差異,FALSE,account.data_account_type_direct_costs
account_one_580000,580000,其他營業成本,FALSE,account.data_account_type_direct_costs
account_one_585000,585000,原始認列生物資產及農產品之利益(損失),FALSE,account.data_account_type_direct_costs
account_one_586000,586000,生物資產當期公允價值減出售成本之變動利益(損失),FALSE,account.data_account_type_direct_costs
account_one_591000,591000,未實現銷貨利益(損失),FALSE,account.data_account_type_direct_costs
account_one_592000,592000,已實現銷貨利益(損失),FALSE,account.data_account_type_direct_costs
account_one_610000,610000,推銷費用,FALSE,account.data_account_type_expenses
account_one_611000,611000,推銷費用-薪資支出,FALSE,account.data_account_type_expenses
account_one_611100,611100,推銷費用-租金支出,FALSE,account.data_account_type_expenses
account_one_611200,611200,推銷費用-文具用品,FALSE,account.data_account_type_expenses
account_one_611300,611300,推銷費用-旅費,FALSE,account.data_account_type_expenses
account_one_611400,611400,推銷費用-運費,FALSE,account.data_account_type_expenses
account_one_611500,611500,推銷費用-郵電費,FALSE,account.data_account_type_expenses
account_one_611600,611600,推銷費用-修繕費,FALSE,account.data_account_type_expenses
account_one_611700,611700,推銷費用-廣告費,FALSE,account.data_account_type_expenses
account_one_611800,611800,推銷費用-水電瓦斯費,FALSE,account.data_account_type_expenses
account_one_611900,611900,推銷費用-保險費,FALSE,account.data_account_type_expenses
account_one_612000,612000,推銷費用-交際費,FALSE,account.data_account_type_expenses
account_one_612100,612100,推銷費用-捐贈,FALSE,account.data_account_type_expenses
account_one_612200,612200,推銷費用-稅捐,FALSE,account.data_account_type_expenses
account_one_612400,612400,推銷費用-折舊,FALSE,account.data_account_type_depreciation
account_one_612500,612500,推銷費用-各項攤提,FALSE,account.data_account_type_depreciation
account_one_612700,612700,推銷費用-伙食費,FALSE,account.data_account_type_expenses
account_one_612800,612800,推銷費用-職工福利,FALSE,account.data_account_type_expenses
account_one_613000,613000,推銷費用-佣金支出,FALSE,account.data_account_type_expenses
account_one_613100,613100,推銷費用-訓練費,FALSE,account.data_account_type_expenses
account_one_613200,613200,推銷費用-進出口費用,FALSE,account.data_account_type_expenses
account_one_615100,615100,"推銷費用-漁業作業費用		",FALSE,account.data_account_type_expenses
account_one_615300,615300,"推銷費用-漁貨銷售費用		",FALSE,account.data_account_type_expenses
account_one_618800,618800,推銷費用-其他費用,FALSE,account.data_account_type_expenses
account_one_620000,620000,管理費用,FALSE,account.data_account_type_expenses
account_one_621000,621000,管理費用-薪資支出,FALSE,account.data_account_type_expenses
account_one_621100,621100,管理費用-租金支出,FALSE,account.data_account_type_expenses
account_one_621200,621200,管理費用-文具用品,FALSE,account.data_account_type_expenses
account_one_621300,621300,管理費用-旅費,FALSE,account.data_account_type_expenses
account_one_621400,621400,管理費用-運費,FALSE,account.data_account_type_expenses
account_one_621500,621500,管理費用-郵電費,FALSE,account.data_account_type_expenses
account_one_621600,621600,管理費用-修繕費,FALSE,account.data_account_type_expenses
account_one_621700,621700,管理費用-廣告費,FALSE,account.data_account_type_expenses
account_one_621800,621800,管理費用-水電瓦斯費,FALSE,account.data_account_type_expenses
account_one_621900,621900,管理費用-保險費,FALSE,account.data_account_type_expenses
account_one_622000,622000,管理費用-交際費,FALSE,account.data_account_type_expenses
account_one_622100,622100,管理費用-捐贈,FALSE,account.data_account_type_expenses
account_one_622200,622200,管理費用-稅捐,FALSE,account.data_account_type_expenses
account_one_622300,622300,管理費用-呆帳損失,FALSE,account.data_account_type_expenses
account_one_622400,622400,管理費用-折舊,FALSE,account.data_account_type_depreciation
account_one_622500,622500,管理費用-各項攤提,FALSE,account.data_account_type_depreciation
account_one_622700,622700,管理費用-伙食費,FALSE,account.data_account_type_expenses
account_one_622800,622800,管理費用-職工福利,FALSE,account.data_account_type_expenses
account_one_622900,622900,管理費用-研究發展費用,FALSE,account.data_account_type_expenses
account_one_623100,623100,管理費用-訓練費,FALSE,account.data_account_type_expenses
account_one_623200,623200,管理費用-網路服務費,FALSE,account.data_account_type_expenses
account_one_623300,623300,管理費用-保全費,FALSE,account.data_account_type_expenses
account_one_628800,628800,管理費用-其他費用,FALSE,account.data_account_type_expenses
account_one_630000,630000,研究發展費用,FALSE,account.data_account_type_expenses
account_one_631000,631000,研究發展費用-薪資支出,FALSE,account.data_account_type_expenses
account_one_631100,631100,研究發展費用-租金支出,FALSE,account.data_account_type_expenses
account_one_631200,631200,研究發展費用-文具用品,FALSE,account.data_account_type_expenses
account_one_631300,631300,研究發展費用-旅費,FALSE,account.data_account_type_expenses
account_one_631400,631400,研究發展費用-運費,FALSE,account.data_account_type_expenses
account_one_631500,631500,研究發展費用-郵電費,FALSE,account.data_account_type_expenses
account_one_631600,631600,研究發展費用-修繕費,FALSE,account.data_account_type_expenses
account_one_631800,631800,研究發展費用-水電瓦斯費,FALSE,account.data_account_type_expenses
account_one_631900,631900,研究發展費用-保險費,FALSE,account.data_account_type_expenses
account_one_632000,632000,研究發展費用-交際費,FALSE,account.data_account_type_expenses
account_one_632100,632100,研究發展費用-捐贈,FALSE,account.data_account_type_expenses
account_one_632200,632200,研究發展費用-稅捐,FALSE,account.data_account_type_expenses
account_one_632400,632400,研究發展費用-折舊及折耗,FALSE,account.data_account_type_depreciation
account_one_632500,632500,研究發展費用-各項攤提,FALSE,account.data_account_type_depreciation
account_one_632700,632700,研究發展費用-伙食費,FALSE,account.data_account_type_expenses
account_one_632800,632800,研究發展費用-職工福利,FALSE,account.data_account_type_expenses
account_one_632900,632900,研究發展費用-委託研究費,FALSE,account.data_account_type_expenses
account_one_633100,633100,研究發展費用-訓練費,FALSE,account.data_account_type_expenses
account_one_638800,638800,研究發展費用-其他費用,FALSE,account.data_account_type_expenses
account_one_645000,645000,預期信用減損損失(利益),FALSE,account.data_account_type_expenses
account_one_651000,651000,其他收益,FALSE,account.data_account_type_other_income
account_one_655000,655000,其他費損,FALSE,account.data_account_type_other_income
account_one_701000,701000,其他收入,FALSE,account.data_account_type_other_income
account_one_702000,702000,其他利益及損失,FALSE,account.data_account_type_other_income
account_one_703000,703000,除列按攤銷後成本衡量金融資產淨損益,FALSE,account.data_account_type_other_income
account_one_705000,705000,財務成本,FALSE,account.data_account_type_other_income
account_one_705500,705500,預期信用減損損失(利益),FALSE,account.data_account_type_other_income
account_one_706000,706000,採用權益法認列之關聯企業及合資損益之份額,FALSE,account.data_account_type_other_income
account_one_707000,707000,採用權益法認列之子公司、關聯企業及合資損益之份額,FALSE,account.data_account_type_other_income
account_one_708000,708000,金融資產重分類淨損益,FALSE,account.data_account_type_other_income
account_one_710000,710000,利息收入,FALSE,account.data_account_type_other_income
account_one_710100,710100,銀行存款利息,FALSE,account.data_account_type_other_income
account_one_710200,710200,按攤銷後成本衡量之金融資產利息收入,FALSE,account.data_account_type_other_income
account_one_710300,710300,無活絡市場債務工具投資利息收入,FALSE,account.data_account_type_other_income
account_one_710400,710400,持有至到期日金融資產利息收入,FALSE,account.data_account_type_other_income
account_one_710500,710500,其他利息收入,FALSE,account.data_account_type_other_income
account_one_710600,710600,透過其他綜合損益按公允價值衡量之金融資產利息收入,FALSE,account.data_account_type_other_income
account_one_710700,710700,合約資產利息收入,FALSE,account.data_account_type_other_income
account_one_711000,711000,租金收入,FALSE,account.data_account_type_other_income
account_one_712000,712000,權利金收入,FALSE,account.data_account_type_other_income
account_one_713000,713000,股利收入,FALSE,account.data_account_type_other_income
account_one_714000,714000,廉價購買利益,FALSE,account.data_account_type_other_income
account_one_715000,715000,手續費收入,FALSE,account.data_account_type_other_income
account_one_715100,715100,非透過損益按公允價值衡量之金融資產所產生之手續費收入,FALSE,account.data_account_type_other_income
account_one_715200,715200,非以透過損益按公允價值衡量之金融負債所產生之手續費收益入,FALSE,account.data_account_type_other_income
account_one_715300,715300,由信託及受託活動產生之手續費收益入,FALSE,account.data_account_type_other_income
account_one_715900,715900,其他手續費收入,FALSE,account.data_account_type_other_income
account_one_716000,716000,違約金收入,FALSE,account.data_account_type_other_income
account_one_717000,717000,歸墊收入,FALSE,account.data_account_type_other_income
account_one_717500,717500,壞帳轉回利益,FALSE,account.data_account_type_other_income
account_one_718000,718000,沖銷逾期應付款利益,FALSE,account.data_account_type_other_income
account_one_719000,719000,其他收入-其他,FALSE,account.data_account_type_other_income
account_one_721000,721000,處分不動產、廠房及設備利益,FALSE,account.data_account_type_other_income
account_one_721500,721500,處分投資性不動產利益,FALSE,account.data_account_type_other_income
account_one_722000,722000,處分無形資產利益,FALSE,account.data_account_type_other_income
account_one_722500,722500,處分投資利益,FALSE,account.data_account_type_other_income
account_one_723000,723000,外幣兌換利益,FALSE,account.data_account_type_other_income
account_one_723500,723500,透過損益按公允價值衡量之金融資產(負債)利益,FALSE,account.data_account_type_other_income
account_one_724000,724000,按攤銷後成本衡量之金融負債利益,FALSE,account.data_account_type_other_income
account_one_724500,724500,原始認列生物資產及農產品之利益,FALSE,account.data_account_type_other_income
account_one_725000,725000,生物資產當期公允價值減出售成本之變動之利益,FALSE,account.data_account_type_other_income
account_one_725500,725500,公允價值調整利益-投資性不動產,FALSE,account.data_account_type_other_income
account_one_726000,726000,不動產、廠房及設備重估價利益,FALSE,account.data_account_type_other_income
account_one_726500,726500,無形資產重估價利益,FALSE,account.data_account_type_other_income
account_one_727000,727000,減損迴轉利益,FALSE,account.data_account_type_other_income
account_one_727100,727100,金融資產減損迴轉利益,FALSE,account.data_account_type_other_income
account_one_727200,727200,待出售非流動資產(或處分群組)減損迴轉利益,FALSE,account.data_account_type_other_income
account_one_727300,727300,不動產、廠房及設備減損迴轉利益,FALSE,account.data_account_type_other_income
account_one_727400,727400,投資性不動產減損迴轉利益,FALSE,account.data_account_type_other_income
account_one_727500,727500,無形資產減損迴轉利益,FALSE,account.data_account_type_other_income
account_one_727600,727600,生物資產減損迴轉利益,FALSE,account.data_account_type_other_income
account_one_727700,727700,探勘及評估資產減損迴轉利益,FALSE,account.data_account_type_other_income
account_one_727800,727800,待分配予業主之非流動資產(或處分群組)減損迴轉利益,FALSE,account.data_account_type_other_income
account_one_727900,727900,其他減損迴轉利益,FALSE,account.data_account_type_other_income
account_one_730000,730000,避險工具之利益-公允價值避險,FALSE,account.data_account_type_other_income
account_one_730500,730500,歸因於所規避風險之被避險項目之利益-公允價值避險,FALSE,account.data_account_type_other_income
account_one_731000,731000,現金流量避險無效而認列於損益之利益,FALSE,account.data_account_type_other_income
account_one_731500,731500,現金流量避險有效而自權益轉列之利益,FALSE,account.data_account_type_other_income
account_one_732000,732000,國外營運機構淨投資避險無效而認列於損益之利益,FALSE,account.data_account_type_other_income
account_one_735000,735000,除列按攤銷後成本衡量之金融資產之利益,FALSE,account.data_account_type_other_income
account_one_736000,736000,金融資產重分類利益,FALSE,account.data_account_type_other_income
account_one_737000,737000,採用權益法認列之關聯企業及合資利益之份額,FALSE,account.data_account_type_other_income
account_one_737500,737500,採用權益法認列之子公司、關聯企業及合資利益之份額,FALSE,account.data_account_type_other_income
account_one_738000,738000,預期信用減損利益,FALSE,account.data_account_type_other_income
account_one_751000,751000,利息費用,FALSE,l10n_tw_standard_ifrss.account_type_non-operating_expenses
account_one_752000,752000,負債性特別股股息,FALSE,l10n_tw_standard_ifrss.account_type_non-operating_expenses
account_one_753000,753000,手續費支出,FALSE,l10n_tw_standard_ifrss.account_type_non-operating_expenses
account_one_753100,753100,非以透過損益按公允價值衡量之金融負債所產生之手續費費損用,FALSE,l10n_tw_standard_ifrss.account_type_non-operating_expenses
account_one_753200,753200,非透過損益按公允價值衡量之金融資產所產生之手續費費損用,FALSE,l10n_tw_standard_ifrss.account_type_non-operating_expenses
account_one_753300,753300,由信託及受託活動產生之手續費損用,FALSE,l10n_tw_standard_ifrss.account_type_non-operating_expenses
account_one_754000,754000,停工損失,FALSE,l10n_tw_standard_ifrss.account_type_non-operating_expenses
account_one_755000,755000,虧損性合約損失,FALSE,l10n_tw_standard_ifrss.account_type_non-operating_expenses
account_one_756000,756000,保證合約損失,FALSE,l10n_tw_standard_ifrss.account_type_non-operating_expenses
account_one_758000,758000,賠償損失,FALSE,l10n_tw_standard_ifrss.account_type_non-operating_expenses
account_one_759000,759000,什項支出,FALSE,l10n_tw_standard_ifrss.account_type_non-operating_expenses
account_one_761000,761000,處分不動產、廠房及設備損失,FALSE,l10n_tw_standard_ifrss.account_type_non-operating_expenses
account_one_761500,761500,處分投資性不動產損失,FALSE,l10n_tw_standard_ifrss.account_type_non-operating_expenses
account_one_762000,762000,處分無形資產損失,FALSE,l10n_tw_standard_ifrss.account_type_non-operating_expenses
account_one_762500,762500,處分投資損失,FALSE,l10n_tw_standard_ifrss.account_type_non-operating_expenses
account_one_763000,763000,外幣兌換損失,FALSE,l10n_tw_standard_ifrss.account_type_non-operating_expenses
account_one_763500,763500,透過損益按公允價值衡量之金融資產(負債)損失,FALSE,l10n_tw_standard_ifrss.account_type_non-operating_expenses
account_one_764000,764000,按攤銷後成本衡量之金融負債損失,FALSE,l10n_tw_standard_ifrss.account_type_non-operating_expenses
account_one_764500,764500,原始認列生物資產及農產品之損失,FALSE,l10n_tw_standard_ifrss.account_type_non-operating_expenses
account_one_765000,765000,生物資產當期公允價值減出售成本之變動之損失,FALSE,l10n_tw_standard_ifrss.account_type_non-operating_expenses
account_one_765500,765500,公允價值調整損失-投資性不動產,FALSE,l10n_tw_standard_ifrss.account_type_non-operating_expenses
account_one_766000,766000,不動產、廠房及設備重估價損失,FALSE,l10n_tw_standard_ifrss.account_type_non-operating_expenses
account_one_766500,766500,無形資產重估價損失,FALSE,l10n_tw_standard_ifrss.account_type_non-operating_expenses
account_one_767000,767000,減損損失,FALSE,l10n_tw_standard_ifrss.account_type_non-operating_expenses
account_one_767100,767100,金融資產減損損失,FALSE,l10n_tw_standard_ifrss.account_type_non-operating_expenses
account_one_767200,767200,待出售非流動資產(或處分群組)減損損失,FALSE,l10n_tw_standard_ifrss.account_type_non-operating_expenses
account_one_767300,767300,不動產、廠房及設備減損損失,FALSE,l10n_tw_standard_ifrss.account_type_non-operating_expenses
account_one_767400,767400,投資性不動產減損損失,FALSE,l10n_tw_standard_ifrss.account_type_non-operating_expenses
account_one_767500,767500,無形資產減損損失,FALSE,l10n_tw_standard_ifrss.account_type_non-operating_expenses
account_one_767600,767600,生物資產減損損失,FALSE,l10n_tw_standard_ifrss.account_type_non-operating_expenses
account_one_767700,767700,探勘及評估資產減損損失,FALSE,l10n_tw_standard_ifrss.account_type_non-operating_expenses
account_one_767800,767800,待分配予業主之非流動資產(或處分群組)減損損失,FALSE,l10n_tw_standard_ifrss.account_type_non-operating_expenses
account_one_767900,767900,其他減損損失,FALSE,l10n_tw_standard_ifrss.account_type_non-operating_expenses
account_one_770000,770000,避險工具之損失-公允價值避險,FALSE,l10n_tw_standard_ifrss.account_type_non-operating_expenses
account_one_770500,770500,歸因於所規避風險之被避險項目之損失-公允價值避險,FALSE,l10n_tw_standard_ifrss.account_type_non-operating_expenses
account_one_771000,771000,現金流量避險無效而認列於損益之損失,FALSE,l10n_tw_standard_ifrss.account_type_non-operating_expenses
account_one_771500,771500,現金流量避險有效自權益轉列之損失,FALSE,l10n_tw_standard_ifrss.account_type_non-operating_expenses
account_one_772000,772000,國外營運機構淨投資避險無效而認列於損益之損失,FALSE,l10n_tw_standard_ifrss.account_type_non-operating_expenses
account_one_775000,775000,除列按攤銷後成本衡量之金融資產之損失,FALSE,l10n_tw_standard_ifrss.account_type_non-operating_expenses
account_one_776000,776000,金融資產重分類損失,FALSE,l10n_tw_standard_ifrss.account_type_non-operating_expenses
account_one_777000,777000,採用權益法認列之關聯企業及合資損失之份額,FALSE,l10n_tw_standard_ifrss.account_type_non-operating_expenses
account_one_777500,777500,採用權益法認列之子公司、關聯企業及合資損失之份額,FALSE,l10n_tw_standard_ifrss.account_type_non-operating_expenses
account_one_788000,788000,預期信用減損損失,FALSE,l10n_tw_standard_ifrss.account_type_non-operating_expenses
account_one_795000,795000,所得稅費用（利益）,FALSE,l10n_tw_standard_ifrss.account_type_income_tax_expense
account_one_795100,795100,本期所得稅費用（利益）,FALSE,l10n_tw_standard_ifrss.account_type_income_tax_expense
account_one_795200,795200,遞延所得稅費用（利益）,FALSE,l10n_tw_standard_ifrss.account_type_income_tax_expense
account_one_810100,810100,停業單位稅後損益,FALSE,l10n_tw_standard_ifrss.account_type_discontinued_operations
account_one_810200,810200,停業單位資產或處分群組處分損益(稅後),FALSE,l10n_tw_standard_ifrss.account_type_discontinued_operations
account_one_810300,810300,"停業單位資產或處分群組按公允價值減出售成本衡量損益		(稅後)",FALSE,l10n_tw_standard_ifrss.account_type_discontinued_operations
account_one_831100,831100,確定福利計畫之再衡量數,FALSE,l10n_tw_standard_ifrss.account_type_other_comprehensive
account_one_831200,831200,不動產重估增值,FALSE,l10n_tw_standard_ifrss.account_type_other_comprehensive
account_one_831300,831300,指定按公允價值衡量之金融負債信用風險變動影響數,FALSE,l10n_tw_standard_ifrss.account_type_other_comprehensive
account_one_831400,831400,與待出售非流動資產(或處分群組)直接相關之權益,FALSE,l10n_tw_standard_ifrss.account_type_other_comprehensive
account_one_831500,831500,與待分配予業主之非流動資產(或處分群組)直接相關之權益,FALSE,l10n_tw_standard_ifrss.account_type_other_comprehensive
account_one_831600,831600,透過其他綜合損益按公允價值衡量之權益工具投資未實現評價損益,FALSE,l10n_tw_standard_ifrss.account_type_other_comprehensive
account_one_831700,831700,避險工具之損益,FALSE,l10n_tw_standard_ifrss.account_type_other_comprehensive
account_one_832000,832000,採用權益法認列之關聯企業及合資之其他綜合損益之份額-不重分類至損益之項目,FALSE,l10n_tw_standard_ifrss.account_type_other_comprehensive
account_one_832100,832100,採用權益法認列關聯企業及合資之確定福利計畫再衡量數,FALSE,l10n_tw_standard_ifrss.account_type_other_comprehensive
account_one_832200,832200,採用權益法認列關聯企業及合資之不動產重估增值,FALSE,l10n_tw_standard_ifrss.account_type_other_comprehensive
account_one_832300,832300,採用權益法認列關聯企業及合資之指定損益按公允價值衡量之金融負債信用風險變動影響數,FALSE,l10n_tw_standard_ifrss.account_type_other_comprehensive
account_one_832400,832400,採用權益法認列關聯企業及合資之與待出售非流動資產直接相關之權益,FALSE,l10n_tw_standard_ifrss.account_type_other_comprehensive
account_one_832500,832500,採用權益法認列關聯企業及合資之與與待分配予業主之非流動資產(或處分群組)直接相關之權益,FALSE,l10n_tw_standard_ifrss.account_type_other_comprehensive
account_one_832600,832600,採用權益法認列關聯企業及合資之透過其他綜合損益按公允價值衡量權益工具未實現評價損益,FALSE,l10n_tw_standard_ifrss.account_type_other_comprehensive
account_one_832700,832700,採用權益法認列關聯企業及合資之避險工具之損益,FALSE,l10n_tw_standard_ifrss.account_type_other_comprehensive
account_one_833000,833000,採用權益法認列之子公司、關聯企業及合資之其他綜合損益之份額-不重分類至損益之項目,FALSE,l10n_tw_standard_ifrss.account_type_other_comprehensive
account_one_833100,833100,採用權益法認列子公司、關聯企業及合資之確定福利計畫再衡量數,FALSE,l10n_tw_standard_ifrss.account_type_other_comprehensive
account_one_833200,833200,採用權益法認列子公司、關聯企業及合資之不動產重估增值,FALSE,l10n_tw_standard_ifrss.account_type_other_comprehensive
account_one_833300,833300,採用權益法認列子公司、關聯企業及合資之指定損益按公允價值衡量之金融負債信用風險變動影響數,FALSE,l10n_tw_standard_ifrss.account_type_other_comprehensive
account_one_833400,833400,採用權益法認列子公司、關聯企業及合資之與待出售非流動資產直接相關之權益,FALSE,l10n_tw_standard_ifrss.account_type_other_comprehensive
account_one_833500,833500,採用權益法認列之子公司、關聯企業及合資之與與待分配予業主之非流動資產(或處分群組)直接相關之權益,FALSE,l10n_tw_standard_ifrss.account_type_other_comprehensive
account_one_833600,833600,採用權益法認列子公司、關聯企業及合資之透過其他綜合損益按公允價值衡量權益工具未實現損益,FALSE,l10n_tw_standard_ifrss.account_type_other_comprehensive
account_one_833700,833700,採用權益法認列子公司、關聯企業及合資之避險工具之損益,FALSE,l10n_tw_standard_ifrss.account_type_other_comprehensive
account_one_834100,834100,不重分類至損益之其他項目,FALSE,l10n_tw_standard_ifrss.account_type_other_comprehensive
account_one_834900,834900,與不重分類之項目相關之所得稅,FALSE,l10n_tw_standard_ifrss.account_type_other_comprehensive
account_one_836000,836000,後續可能重分類至損益之項目,FALSE,l10n_tw_standard_ifrss.account_type_other_comprehensive
account_one_836100,836100,國外營運機構財務報表換算之兌換差額,FALSE,l10n_tw_standard_ifrss.account_type_other_comprehensive
account_one_836200,836200,備供出售金融資產未實現評價損益,FALSE,l10n_tw_standard_ifrss.account_type_other_comprehensive
account_one_836300,836300,現金流量避險中屬有效避險部分之避險工具利益(損失),FALSE,l10n_tw_standard_ifrss.account_type_other_comprehensive
account_one_836400,836400,國外營運機構淨投資避險中屬有效避險部分之避險工具利益(損失),FALSE,l10n_tw_standard_ifrss.account_type_other_comprehensive
account_one_836500,836500,與待出售非流動資產(或處分群組)直接相關之權益,FALSE,l10n_tw_standard_ifrss.account_type_other_comprehensive
account_one_836600,836600,與待分配予業主之非流動資產(或處分群組)直接相關之權益,FALSE,l10n_tw_standard_ifrss.account_type_other_comprehensive
account_one_836700,836700,透過其他綜合損益按公允價值衡量之債務工具投資未實現評價損益,FALSE,l10n_tw_standard_ifrss.account_type_other_comprehensive
account_one_836800,836800,避險工具之損益,FALSE,l10n_tw_standard_ifrss.account_type_other_comprehensive
account_one_837000,837000,採用權益法認列關聯企業及合資之其他綜合損益之份額-可能重分類至損益之項目,FALSE,l10n_tw_standard_ifrss.account_type_other_comprehensive
account_one_837100,837100,採用權益法認列關聯企業及合資之國外營運機構財務報表換算之兌換差額,FALSE,l10n_tw_standard_ifrss.account_type_other_comprehensive
account_one_837200,837200,採用權益法認列關聯企業及合資之備供出售金融資產未實現損益,FALSE,l10n_tw_standard_ifrss.account_type_other_comprehensive
account_one_837300,837300,採用權益法認列關聯企業及合資之現金流量避險中屬有效避險部分之避險工具利益(損失),FALSE,l10n_tw_standard_ifrss.account_type_other_comprehensive
account_one_837400,837400,採用權益法認列關聯企業及合資國外營運機構淨投資避險中屬有效避險部分之避險工具利益(損失),FALSE,l10n_tw_standard_ifrss.account_type_other_comprehensive
account_one_837500,837500,採用權益法認列之關聯企業及合資之其他綜合損益之份額-與待出售非流動資產(或處分群組)直接相關之權益,FALSE,l10n_tw_standard_ifrss.account_type_other_comprehensive
account_one_837600,837600,採用權益法認列之關聯企業及合資之其他綜合損益之份額-與待分配予業主之非流動資產(或處分群組)直接相關之權益,FALSE,l10n_tw_standard_ifrss.account_type_other_comprehensive
account_one_837700,837700,採用權益法認列之關聯企業及合資之其他綜合損益之份額-透過其他綜合損益按公允價值衡量之債務工具投資未實現評價損益,FALSE,l10n_tw_standard_ifrss.account_type_other_comprehensive
account_one_837800,837800,採用權益法認列之關聯企業及合資之其他綜合損益之份額-避險工具之損益,FALSE,l10n_tw_standard_ifrss.account_type_other_comprehensive
account_one_838000,838000,採用權益法認列之子公司、關聯企業及合資之其他綜合損益之份額-可能重分類至損益之項目,FALSE,l10n_tw_standard_ifrss.account_type_other_comprehensive
account_one_838100,838100,採用權益法認列子公司、關聯企業及合資之國外營運機構財務報表換算之兌換差額,FALSE,l10n_tw_standard_ifrss.account_type_other_comprehensive
account_one_838200,838200,採用權益法認列子公司、關聯企業及合資之備供出售金融資產未實現損益,FALSE,l10n_tw_standard_ifrss.account_type_other_comprehensive
account_one_838300,838300,採用權益法認列子公司、關聯企業及合資之現金流量避險中屬有效避險部分之避險工具利益(損失),FALSE,l10n_tw_standard_ifrss.account_type_other_comprehensive
account_one_838400,838400,採用權益法認列子公司、關聯企業及合資之國外營運機構淨投資避險中屬有效避險部分之避險工具利益(損失),FALSE,l10n_tw_standard_ifrss.account_type_other_comprehensive
account_one_838500,838500,採用權益法認列之子公司、關聯企業及合資之其他綜合損益之份額-與待出售非流動資產(或處分群組)直接相關之權益,FALSE,l10n_tw_standard_ifrss.account_type_other_comprehensive
account_one_838600,838600,採用權益法認列之子公司、關聯企業及合資之其他綜合損益之份額-與待分配予業主之非流動資產(或處分群組)直接相關之權益,FALSE,l10n_tw_standard_ifrss.account_type_other_comprehensive
account_one_838700,838700,採用權益法認列之子公司、關聯企業及合資之其他綜合損益之份額-透過其他綜合損益按公允價值衡量之債務工具投資未實現評價損益,FALSE,l10n_tw_standard_ifrss.account_type_other_comprehensive
account_one_838800,838800,採用權益法認列之子公司、關聯企業及合資之其他綜合損益之份額-避險工具之損益,FALSE,l10n_tw_standard_ifrss.account_type_other_comprehensive
account_one_839100,839100,可能重分類至損益之其他項目,FALSE,l10n_tw_standard_ifrss.account_type_other_comprehensive
account_one_839900,839900,與可能重分類至損益之項目相關之所得稅,FALSE,l10n_tw_standard_ifrss.account_type_other_comprehensive
